screen_id,doi,title,publication_date,label_a,label_b,reason_a,reason_b,route,eligibility_status,method_status
S13097,10.1016/j.jcat.2021.08.007,RuO2/TiO2 photocatalysts prepared via a hydrothermal route: Influence of the presence of TiO2 on the reactivity of RuO2 in the artificial photosynthesis reaction,2021-08-08,CLEARLY_IRRELEVANT,CLEARLY_IRRELEVANT,"RuO2/TiO2 photocatalyst for CO2 artificial photosynthesis; no OER, no computational overpotential.","Rutile RuO2/TiO2 photocatalytic CO2 reduction (artificial photosynthesis), not OER, no CHE calculation.",PRESCREEN_EXCLUDED,NOT_DECIDED,NOT_CODED
S08363,10.3390/min9090552,"Geochronology and Geochemistry of Uraninite and Coffinite: Insights into Ore-Forming Process in the Pegmatite-Hosted Uraniferous Province, North Qinling, Central China",2019-09-13,CLEARLY_IRRELEVANT,CLEARLY_IRRELEVANT,Uranium ore geochronology/geochemistry; unrelated field.,"Geochronology of uraninite/coffinite ore deposits; unrelated field, no electrocatalysis.",PRESCREEN_EXCLUDED,NOT_DECIDED,NOT_CODED
S21925,10.2138/am-2023-9117,Hyper-enrichment of heavy rare earth elements in highly evolved granites through multiple hydrothermal mobilizations,2024-02-21,CLEARLY_IRRELEVANT,CLEARLY_IRRELEVANT,Granite rare-earth-element geochemistry; unrelated field.,"REE enrichment in granites via hydrothermal processes; geology, unrelated to OER.",PRESCREEN_EXCLUDED,NOT_DECIDED,NOT_CODED
S04762,,Deposition and characterisation of RF magnetron sputtered phosphate based glasses,2017-07-13,CLEARLY_IRRELEVANT,CLEARLY_IRRELEVANT,Phosphate glass sputtering for biomaterial coatings; unrelated field.,RF sputtered phosphate glass biomaterials coatings; unrelated field.,PRESCREEN_EXCLUDED,NOT_DECIDED,NOT_CODED
S15975,10.1002/advs.202201311,High‐Alkaline Water‐Splitting Activity of Mesoporous 3D Heterostructures: An Amorphous‐Shell@Crystalline‐Core Nano‐Assembly of Co‐Ni‐Phosphate Ultrathin‐Nanosheets and V‐ Doped Cobalt‐Nitride Nanowires,2022-06-06,CLEARLY_IRRELEVANT,CLEARLY_IRRELEVANT,"CoNiPOx/Co4N alkaline OER+HER catalyst; non-rutile materials, no computation.","Co-Ni phosphate/V-doped Co4N OER catalyst; non-rutile materials, purely experimental.",PRESCREEN_EXCLUDED,NOT_DECIDED,NOT_CODED
S16462,10.26434/chemrxiv-2022-scxdh,An overview into advantages and applications of conventional and unconventional hydro(solvo)thermal approaches for novel advanced materials design,2022-08-02,CLEARLY_IRRELEVANT,CLEARLY_IRRELEVANT,Review of hydro(solvo)thermal synthesis methods; no OER.,General review of hydro(solvo)thermal synthesis methods; no OER or rutile focus.,PRESCREEN_EXCLUDED,NOT_DECIDED,NOT_CODED
S16923,10.1016/j.apsusc.2022.155038,Tailoring mechanical and surface properties of UFG CP-Ti by the low-temperature annealing,2022-09-27,CLEARLY_IRRELEVANT,CLEARLY_IRRELEVANT,UFG Ti annealing for hardness/corrosion; no OER.,UFG Ti annealing mechanical/corrosion/biological properties; not OER.,PRESCREEN_EXCLUDED,NOT_DECIDED,NOT_CODED
S00875,10.1016/j.cattod.2012.03.012,Titanium–indium oxy(nitride) with and without RuO2 loading as photocatalysts for hydrogen production under visible light from water,2012-04-13,POSSIBLY_RELEVANT,CLEARLY_IRRELEVANT,"RuO2-loaded oxynitride photocatalyst for water H2 production; rutile RuO2, no abstract.","RuO2-loaded photocatalyst for hydrogen production; HER-only work, no OER.",FULL_TEXT_REVIEW,NOT_DECIDED,NOT_CODED
S20684,10.21203/rs.3.rs-3411955/v1,Water treatment and electrocatalytic Oxygen Evolution Reaction of Cobalt Oxide nanoparticles,2023-10-19,CLEARLY_IRRELEVANT,CLEARLY_IRRELEVANT,"Co3O4 (spinel) OER electrocatalyst; non-rutile, no computation.","Co3O4 electrocatalytic OER; non-rutile spinel oxide, purely experimental.",PRESCREEN_EXCLUDED,NOT_DECIDED,NOT_CODED
S08645,,Anatase to rutile transition in titanium dioxide photocatalytic nanomaterials /,2019-01-01,CLEARLY_IRRELEVANT,CLEARLY_IRRELEVANT,Anatase-rutile TiO2 photocatalytic dioxane degradation; no OER.,Anatase-to-rutile transition photocatalytic dissertation; no OER or electrocatalysis.,PRESCREEN_EXCLUDED,NOT_DECIDED,NOT_CODED
S30311,10.1016/j.surfin.2026.110067,From anatase to rutile: A Raman spectroscopy study of surface transformations in NiTi alloy during air heat treatment,2026-07-07,CLEARLY_IRRELEVANT,CLEARLY_IRRELEVANT,Raman study of anatase-rutile transition in NiTi alloy; no OER.,Raman study of anatase-rutile transformation in NiTi alloy; unrelated to OER.,PRESCREEN_EXCLUDED,NOT_DECIDED,NOT_CODED
S19927,10.2139/ssrn.4528167,Distribution Function of Relaxation Times: An Alternative to Classical Methods for Evaluating the Reaction Kinetics of Oxygen Evolution Reaction,2023-01-01,POSSIBLY_RELEVANT,POSSIBLY_RELEVANT,"OER kinetics evaluation method (DFRT); no abstract, material unspecified.","OER kinetics method (DFRT); no material specified, no abstract, cannot rule out rutile.",FULL_TEXT_REVIEW,NOT_DECIDED,NOT_CODED
S14838,10.3390/min12040407,"The Passa Três Granite Intrusion-Related/Hosted Neoproterozoic Gold Deposit (Paraná State, Brazil): Mineralogical, Geochemical, Fluid Inclusion and Sulphur Isotope Constraints",2022-03-25,CLEARLY_IRRELEVANT,CLEARLY_IRRELEVANT,Gold deposit mineralogy/geochemistry; unrelated field.,"Gold deposit mineralogy/geochemistry; geology, unrelated field.",PRESCREEN_EXCLUDED,NOT_DECIDED,NOT_CODED
S26365,10.1039/d5cy00589b,Modelling hydrogen peroxide adsorption on cerium dioxide: the effect of surface strain,2025-01-01,CLEARLY_IRRELEVANT,CLEARLY_IRRELEVANT,"H2O2 adsorption on ceria (fluorite); not OER, not rutile.","H2O2 adsorption on ceria (fluorite structure); non-rutile, not OER.",PRESCREEN_EXCLUDED,NOT_DECIDED,NOT_CODED
S17717,10.1016/j.rechem.2022.100675,Role of electrolytic pH on the performance of nanostructured partially crystalline Nitrogen-doped Titanium Dioxide thin films in photoelectrochemical water splitting,2022-01-01,CLEARLY_IRRELEVANT,POSSIBLY_RELEVANT,"N-doped TiO2 PEC water splitting, purely experimental, no computation mentioned.","N-doped TiO2 photoelectrochemical water splitting; rutile-family oxide, OER-relevant.",FULL_TEXT_REVIEW,NOT_DECIDED,NOT_CODED
S19393,10.1038/s43246-023-00372-5,Phase stability of entropy stabilized oxides with the α-PbO2 structure,2023-06-09,CLEARLY_IRRELEVANT,CLEARLY_IRRELEVANT,Phase stability of alpha-PbO2 oxides; not OER.,Phase stability of alpha-PbO2 high-entropy oxides; not electrocatalysis/OER.,PRESCREEN_EXCLUDED,NOT_DECIDED,NOT_CODED
S02388,10.3389/fmats.2016.00009,Carbon Materials as Additives to WO3 for an Enhanced Conversion of Simulated Solar Light,2016-02-16,CLEARLY_IRRELEVANT,CLEARLY_IRRELEVANT,"WO3/carbon photocatalytic dye degradation; not OER, not rutile.","Carbon-WO3 photocatalytic dye degradation; not OER, not rutile.",PRESCREEN_EXCLUDED,NOT_DECIDED,NOT_CODED
S02476,,"Geology and paragenesis of the Boseto Copper Deposits, Kalahari Copperbelt, Northwest Botswana",2013-01-01,CLEARLY_IRRELEVANT,CLEARLY_IRRELEVANT,Copper deposit geology; unrelated field.,Geology of copper deposit paragenesis; unrelated field.,PRESCREEN_EXCLUDED,NOT_DECIDED,NOT_CODED
S06756,10.1016/j.ijhydene.2018.10.142,Ketjen black carbon supported CoO@Co−N−C nanochains as an efficient electrocatalyst for oxygen evolution,2018-11-15,CLEARLY_IRRELEVANT,CLEARLY_IRRELEVANT,"CoO@Co-N-C carbon-supported OER catalyst; non-rutile, no computation.","CoO@Co-N-C OER electrocatalyst; non-rutile carbon-supported oxide, no abstract.",PRESCREEN_EXCLUDED,NOT_DECIDED,NOT_CODED
S03634,,Nanostructured Materials as Effective Catalysts for Oxygen Reduction Reactions (ORR),2015-01-01,CLEARLY_IRRELEVANT,CLEARLY_IRRELEVANT,ORR-only nanomaterials thesis; no OER.,"ORR catalysts thesis (Pt, Cu); not OER, not rutile.",PRESCREEN_EXCLUDED,NOT_DECIDED,NOT_CODED
S06198,10.1002/cnma.201800252,Component‐Tunable Rutile‐Anatase TiO2/Reduced Graphene Oxide Nanocomposites for Enhancement of Electrocatalytic Oxygen Evolution,2018-07-24,POSSIBLY_RELEVANT,POSSIBLY_RELEVANT,Rutile-anatase TiO2/RGO electrocatalytic OER study.,Rutile-anatase TiO2/RGO electrocatalytic OER with reported overpotential.,FULL_TEXT_REVIEW,NOT_DECIDED,NOT_CODED
S29205,10.1039/d5ya00371g,Fe-functionalised N-doped Ti 3 C 2 T z MXene for the alkaline oxygen reduction reaction,2026-01-01,CLEARLY_IRRELEVANT,CLEARLY_IRRELEVANT,"Fe-N-doped MXene alkaline ORR; not OER, not rutile.",Fe-N-doped MXene for alkaline ORR only; not OER.,PRESCREEN_EXCLUDED,NOT_DECIDED,NOT_CODED
S22452,10.1002/smll.202310464,γ‐MnO2 as an Electron Reservoir for RuO2 Oxygen Evolution Catalyst in Acidic Media,2024-04-10,POSSIBLY_RELEVANT,POSSIBLY_RELEVANT,RuO2/MnO2 OER catalyst; theoretical and experimental results discussed.,RuO2/MnO2 rutile heterostructure acidic OER; mentions theoretical results.,FULL_TEXT_REVIEW,NOT_DECIDED,NOT_CODED
S24580,10.1016/j.heliyon.2024.e41427,Rate capability and electrolyte concentration: Tuning MnO2 supercapacitor electrodes through electrodeposition parameters,2024-12-21,CLEARLY_IRRELEVANT,CLEARLY_IRRELEVANT,MnO2 supercapacitor electrodes; not OER.,MnO2 supercapacitor electrode tuning; not OER.,PRESCREEN_EXCLUDED,NOT_DECIDED,NOT_CODED
S30791,10.2139/ssrn.7284284,Perchlorate anion-directed radical partitioning between C-C coupling and alcohol formation in aqueous electrosynthesis,2026-01-01,CLEARLY_IRRELEVANT,CLEARLY_IRRELEVANT,"Electrosynthesis of C-C/alcohol products; no abstract, unrelated to OER.","Perchlorate-directed radical electrosynthesis; unrelated, no abstract.",PRESCREEN_EXCLUDED,NOT_DECIDED,NOT_CODED
S24801,10.3390/catal15010066,Microemulsion-Based Synthesis of Highly Efficient Ag-Doped Fibrous SiO2-TiO2 Photoanodes for Photoelectrochemical Water Splitting,2025-01-13,POSSIBLY_RELEVANT,POSSIBLY_RELEVANT,Ag-doped SiO2-TiO2 photoanode PEC water splitting (implies OER).,"Ag-doped SiO2-TiO2 photoanode for PEC water splitting; rutile-family TiO2, OER-relevant.",FULL_TEXT_REVIEW,NOT_DECIDED,NOT_CODED
S06221,10.5937/zasmat1802265o,CO tolerant Pt/Ru0.7Ti0.3O2 nanocatalyst for hydrogen oxidation reaction,2018-06-15,CLEARLY_IRRELEVANT,CLEARLY_IRRELEVANT,"Pt/RuTiO2 catalyst for hydrogen oxidation only, no OER.","Pt/Ru0.7Ti0.3O2 for CO-tolerant hydrogen oxidation reaction; HOR only, no OER.",PRESCREEN_EXCLUDED,NOT_DECIDED,NOT_CODED
S16859,10.1016/j.ceramint.2022.09.204,Photocatalytic sol-gel/P25 TiO2 coatings for water treatment: Degradation of 7 selected pharmaceuticals,2022-09-21,CLEARLY_IRRELEVANT,CLEARLY_IRRELEVANT,TiO2 coatings for pharmaceutical degradation; not OER.,TiO2 photocatalytic degradation of pharmaceuticals; not OER.,PRESCREEN_EXCLUDED,NOT_DECIDED,NOT_CODED
S19805,10.1016/j.nanoen.2023.108727,"Orthorhombic (Ru, Mn)2O3: A superior electrocatalyst for acidic oxygen evolution reaction",2023-07-20,CLEARLY_IRRELEVANT,CLEARLY_IRRELEVANT,"Orthorhombic (Ru,Mn)2O3 OER catalyst; explicitly non-rutile structure.","Orthorhombic (Ru,Mn)2O3 acidic OER catalyst; explicitly non-rutile structure.",PRESCREEN_EXCLUDED,NOT_DECIDED,NOT_CODED
S11369,10.1016/j.gexplo.2020.106719,"Hydrothermal alteration in Eshtehard volcanoes, Iran: Constraints from trace elements redistribution and stable isotope geochemistry",2020-12-24,CLEARLY_IRRELEVANT,CLEARLY_IRRELEVANT,Hydrothermal alteration geochemistry; unrelated field.,"Hydrothermal alteration geochemistry of volcanoes; geology, unrelated.",PRESCREEN_EXCLUDED,NOT_DECIDED,NOT_CODED
S10174,10.1002/anie.202008116,A Surface‐Oxide‐Rich Activation Layer (SOAL) on Ni2Mo3N for a Rapid and Durable Oxygen Evolution Reaction,2020-07-01,CLEARLY_IRRELEVANT,CLEARLY_IRRELEVANT,"Ni2Mo3N nitride OER catalyst; non-oxide, non-rutile.","Ni2Mo3N OER catalyst; non-rutile nitride, not a rutile oxide.",PRESCREEN_EXCLUDED,NOT_DECIDED,NOT_CODED
S27539,10.1021/acs.est.5c10601,"Nitridated Iron-Based (Nano)Materials for Environmental Remediation: Synthesis, Characterization, and Performance",2025-11-14,CLEARLY_IRRELEVANT,CLEARLY_IRRELEVANT,Nitridated iron materials for environmental remediation; unrelated to OER.,Review of nitridated iron materials for remediation; unrelated to OER.,PRESCREEN_EXCLUDED,NOT_DECIDED,NOT_CODED
S25651,10.1039/d5gc00038f,Insights into photoelectrocatalytic lignin oxidation to value-added products using a niobium-doped titanium dioxide photoanode,2025-01-01,CLEARLY_IRRELEVANT,CLEARLY_IRRELEVANT,"Nb-doped TiO2 photoanode for lignin oxidation, not water oxidation/OER.",Nb-doped TiO2 photoanode for lignin oxidation; not OER.,PRESCREEN_EXCLUDED,NOT_DECIDED,NOT_CODED
S22866,10.1038/s41467-024-48872-3,Large out-of-plane spin–orbit torque in topological Weyl semimetal TaIrTe4,2024-05-31,CLEARLY_IRRELEVANT,CLEARLY_IRRELEVANT,Spin-orbit torque in Weyl semimetal; unrelated field.,Spin-orbit torque in Weyl semimetal TaIrTe4; unrelated field.,PRESCREEN_EXCLUDED,NOT_DECIDED,NOT_CODED
S13595,10.1016/j.vacuum.2021.110694,Gas pressure control of electric arc synthesis of composite Sn–SnO2–C nanomaterials,2021-10-21,CLEARLY_IRRELEVANT,CLEARLY_IRRELEVANT,Arc synthesis of Sn-SnO2-C nanomaterials; no OER mentioned.,"Arc synthesis of Sn-SnO2-C nanomaterials; no OER, no abstract.",PRESCREEN_EXCLUDED,NOT_DECIDED,NOT_CODED
S10638,10.1149/1945-7111/abb7e8,Reaction Selectivity of IrO2-Based Nano/Amorphous Hybrid Oxide-Coated Titanium Anodes in Acidic Aqueous Solutions: Oxygen Evolution and Lead Oxide Deposition,2020-09-11,POSSIBLY_RELEVANT,POSSIBLY_RELEVANT,IrO2-Ta2O5/Ti anodes for OER and PbO2 deposition; rutile IrO2.,IrO2-Ta2O5/Ti rutile anodes; oxygen evolution reaction selectivity study.,FULL_TEXT_REVIEW,NOT_DECIDED,NOT_CODED
S25762,10.25236/ajals.2025.060105,"Advances in Metallic Nano-Pesticides: Synthesis, Mechanisms, Applications, Safety, and Future Perspectives",2025-01-01,CLEARLY_IRRELEVANT,CLEARLY_IRRELEVANT,Review of metallic nano-pesticides; unrelated field.,Review of metallic nano-pesticides in agriculture; unrelated field.,PRESCREEN_EXCLUDED,NOT_DECIDED,NOT_CODED
S12170,10.1016/j.jpcs.2021.110058,Size and strain induced phase formation and ferromagnetism in reduced TiO2 powders,2021-03-27,CLEARLY_IRRELEVANT,CLEARLY_IRRELEVANT,Ferromagnetism in reduced TiO2 powders; not OER.,Ferromagnetism in reduced TiO2 powders; not OER.,PRESCREEN_EXCLUDED,NOT_DECIDED,NOT_CODED
S09703,10.48550/arxiv.2005.01871,Structural response of alpha-quartz under plate-impact shock compression,2020-05-04,CLEARLY_IRRELEVANT,CLEARLY_IRRELEVANT,Shock compression of alpha-quartz; unrelated field.,"Shock compression of alpha-quartz; geophysics, unrelated.",PRESCREEN_EXCLUDED,NOT_DECIDED,NOT_CODED
S22991,10.1002/cctc.202400795,Surface‐Segregated IrCo Nanoparticles on CoO Nanosheets with Ultralow Ir Loading for Efficient Acidic Water Splitting,2024-06-18,CLEARLY_IRRELEVANT,POSSIBLY_RELEVANT,IrCo nanoparticles on CoO (non-rutile) acidic OER catalyst.,Ir-Co nanoparticles on CoO acidic OER; Ir-based catalyst benchmarked vs IrO2.,FULL_TEXT_REVIEW,NOT_DECIDED,NOT_CODED
S15991,10.1016/j.biortech.2022.127490,Treatment of secondary urban wastewater with a low ammonium-tolerant marine microalga using zeolite-based adsorption,2022-06-17,CLEARLY_IRRELEVANT,CLEARLY_IRRELEVANT,Marine microalga wastewater treatment; unrelated field.,Marine microalgae wastewater treatment; unrelated field.,PRESCREEN_EXCLUDED,NOT_DECIDED,NOT_CODED
S14472,10.17771/pucrio.acad.51016,MODELLING OF TIO2 PROPERTIES FOR THE BAND GAP PREDICTION USING ARTIFICIAL NEURAL NETWORKS,2020-04-29,CLEARLY_IRRELEVANT,CLEARLY_IRRELEVANT,ANN modeling of TiO2 band gap for photocatalysis; not OER.,ANN modeling of TiO2 band gap for photocatalysis; not OER.,PRESCREEN_EXCLUDED,NOT_DECIDED,NOT_CODED
S08964,10.1002/adfm.202070001,Efficient OER Catalysts: Efficient OER Catalyst with Low Ir Volume Density Obtained by Homogeneous Deposition of Iridium Oxide Nanoparticles on Macroporous Antimony‐Doped Tin Oxide Support (Adv. Funct. Mater. 1/2020),2020-01-01,POSSIBLY_RELEVANT,POSSIBLY_RELEVANT,IrO2 nanoparticle OER catalyst on antimony-doped tin oxide support; rutile IrO2.,IrO2 nanoparticles on ATO support; oxygen evolution reaction catalyst.,FULL_TEXT_REVIEW,NOT_DECIDED,NOT_CODED
S10318,10.1002/cssc.202001187,Electrochemical Lignin Conversion,2020-07-21,CLEARLY_IRRELEVANT,CLEARLY_IRRELEVANT,Review of electrochemical lignin conversion; not OER.,"Review of electrochemical lignin conversion; not OER, not rutile.",PRESCREEN_EXCLUDED,NOT_DECIDED,NOT_CODED
S31071,10.24568/31124,"Modes of occurrence and chemical compositions of garnets from the Seba pelitic schists in the Sambagawa metamorphic belt, central Shikoku, Japan",2012-12-27,CLEARLY_IRRELEVANT,CLEARLY_IRRELEVANT,Garnet mineral chemistry in metamorphic schists; unrelated field.,"Garnet geochemistry in metamorphic schists; geology, unrelated.",PRESCREEN_EXCLUDED,NOT_DECIDED,NOT_CODED
S26772,10.1002/cctc.202500530,Advanced Characterization of Proton Exchange Membrane Water Electrolyzers with Spatially‐Resolved X‐Ray Imaging,2025-08-28,POSSIBLY_RELEVANT,POSSIBLY_RELEVANT,Review of PEMWE synchrotron characterization; covers OER catalyst degradation.,Review of PEMWE degradation via X-ray imaging; touches Ir/Ru rutile OER catalysts.,FULL_TEXT_REVIEW,NOT_DECIDED,NOT_CODED
S24837,10.1016/j.jcis.2025.01.086,Chemisorption and physisorption of alcohols on iron(III) oxide-terminated surfaces from nonpolar solvents,2025-01-16,CLEARLY_IRRELEVANT,CLEARLY_IRRELEVANT,"Alcohol adsorption on hematite; not OER, not rutile.","Alcohol adsorption on hematite (Fe2O3); non-rutile, not OER.",PRESCREEN_EXCLUDED,NOT_DECIDED,NOT_CODED
S26430,10.1021/acsami.5c07488,Hierarchically Structured Ti-TiO 2 Membranes Fabricated by Femtosecond Laser Ablation and Atomic Layer Deposition for Enhanced Photoelectrochemical Water Splitting,2025-07-21,POSSIBLY_RELEVANT,POSSIBLY_RELEVANT,Ti-TiO2 membrane photoanode for PEC water splitting (implies OER).,"Ti-TiO2 membrane photoanode for PEC water splitting; rutile-family oxide, OER-relevant.",FULL_TEXT_REVIEW,NOT_DECIDED,NOT_CODED
S27848,,Gas Permeation Characteristics of TiO2-ZrO2-Aromatic Organic Chelating Ligand (aOCL) Composite Membranes,2020-12-01,CLEARLY_IRRELEVANT,CLEARLY_IRRELEVANT,TiO2-ZrO2 gas separation membranes; unrelated to OER.,TiO2-ZrO2 gas separation membranes; not OER.,PRESCREEN_EXCLUDED,NOT_DECIDED,NOT_CODED
S01982,10.1016/j.lithos.2015.09.028,What can we learn from melt inclusions in migmatites and granulites?,2015-10-26,CLEARLY_IRRELEVANT,CLEARLY_IRRELEVANT,Melt inclusions in migmatites/granulites; unrelated field.,"Melt inclusions in migmatites/granulites; geology, unrelated.",PRESCREEN_EXCLUDED,NOT_DECIDED,NOT_CODED
S24122,10.1038/s41598-024-77752-5,"A comparative study for optimizing photocatalytic activity of TiO2-based composites with ZrO2, ZnO, Ta2O5, SnO, Fe2O3, and CuO additives",2024-11-07,CLEARLY_IRRELEVANT,CLEARLY_IRRELEVANT,TiO2 composite photocatalytic herbicide degradation; not OER.,TiO2 composite photocatalytic herbicide degradation; not OER.,PRESCREEN_EXCLUDED,NOT_DECIDED,NOT_CODED
S04356,10.15541/jim20160456,Terahertz and Metal-insulator Transition Properties of VO$lt;inf$gt;2$lt;/inf$gt; Film Grown on Sapphire Substrate with MBE,2017-01-01,CLEARLY_IRRELEVANT,CLEARLY_IRRELEVANT,VO2 metal-insulator transition thin film; unrelated to OER.,VO2 metal-insulator transition/terahertz properties; unrelated to OER.,PRESCREEN_EXCLUDED,NOT_DECIDED,NOT_CODED
S01912,10.1086/677046,"Nanodiamond-Rich Layer across Three Continents Consistent with Major Cosmic Impact at 12,800 Cal BP",2014-08-26,CLEARLY_IRRELEVANT,CLEARLY_IRRELEVANT,Nanodiamond cosmic impact layer geology; unrelated field.,"Nanodiamond layer from cosmic impact evidence; geology, unrelated.",PRESCREEN_EXCLUDED,NOT_DECIDED,NOT_CODED
S19357,10.1039/d3ey00092c,Strategies for the design of ruthenium-based electrocatalysts toward acidic oxygen evolution reaction,2023-01-01,POSSIBLY_RELEVANT,POSSIBLY_RELEVANT,Review of Ru-based acidic OER electrocatalyst design strategies.,Review of Ru-based acidic OER electrocatalyst design; rutile RuO2 focus.,FULL_TEXT_REVIEW,NOT_DECIDED,NOT_CODED
S26144,10.3390/w17131875,Enhancing Photocatalytic Activity with the Substantial Optical Absorption of Bi2S3-SiO2-TiO2/TiO2 Nanotube Arrays for Azo Dye Wastewater Treatment,2025-06-24,CLEARLY_IRRELEVANT,CLEARLY_IRRELEVANT,Bi2S3-TiO2 nanotube photocatalytic dye degradation; not OER.,Bi2S3-TiO2-SiO2 nanotube photocatalytic dye degradation; not OER.,PRESCREEN_EXCLUDED,NOT_DECIDED,NOT_CODED
S08135,10.1039/c9ta04482e,TiO 2 photoanodes with exposed {0 1 0} facets grown by aerosol-assisted chemical vapor deposition of a titanium oxo/alkoxy cluster,2019-01-01,POSSIBLY_RELEVANT,POSSIBLY_RELEVANT,TiO2 photoanode PEC water splitting with exposed facets.,"TiO2 photoanodes with exposed facets for photoelectrochemical performance; rutile-family, OER-relevant.",FULL_TEXT_REVIEW,NOT_DECIDED,NOT_CODED
S17390,10.1002/cey2.270,Ultrathin origami accordion‐like structure of vacancy‐rich graphitized carbon nitride for enhancing CO2 photoreduction,2022-11-23,CLEARLY_IRRELEVANT,CLEARLY_IRRELEVANT,"Carbon nitride CO2 photoreduction; not OER, not rutile.","Carbon nitride structure for CO2 photoreduction; not TiO2/rutile, not OER.",PRESCREEN_EXCLUDED,NOT_DECIDED,NOT_CODED
S01185,10.1063/1.4890492,Universal tight binding model for chemical reactions in solution and at surfaces. III. Stoichiometric and reduced surfaces of titania and the adsorption of water,2014-07-28,CLEARLY_IRRELEVANT,POSSIBLY_RELEVANT,Tight-binding model of titania surfaces/water adsorption; no OER/overpotential.,Tight-binding model of rutile/anatase titania surfaces for catalysis/electrochemistry; computational rutile study.,FULL_TEXT_REVIEW,NOT_DECIDED,NOT_CODED
S27217,10.1103/cvqr-4wkd,Moiré-resonant surface state in ultrathin RuO 2 ( 110 ),2026-06-10,POSSIBLY_RELEVANT,CLEARLY_IRRELEVANT,"STM/DFT study of RuO2(110) surface electronic structure; rutile(110), not explicitly OER.","Moire charge order on ultrathin RuO2(110); condensed-matter physics, not OER.",FULL_TEXT_REVIEW,NOT_DECIDED,NOT_CODED
S23859,10.1016/j.earscirev.2024.104947,On tin and lithium granite systems: A crustal evolution perspective,2024-10-05,CLEARLY_IRRELEVANT,CLEARLY_IRRELEVANT,Tin/lithium granite metallogeny review; unrelated field.,"Review of tin-lithium granite metallogeny; geology, unrelated.",PRESCREEN_EXCLUDED,NOT_DECIDED,NOT_CODED
S03870,10.1088/1742-6596/786/1/012046,Formation of TiO2 nanostructure by plasma electrolytic oxidation for Cr(VI) reduction,2017-01-01,CLEARLY_IRRELEVANT,CLEARLY_IRRELEVANT,TiO2 plasma electrolytic oxidation for Cr(VI) reduction; not OER.,TiO2 by plasma electrolytic oxidation for Cr(VI) reduction; not OER.,PRESCREEN_EXCLUDED,NOT_DECIDED,NOT_CODED
S00446,10.6000/2369-3355.2014.01.01.4,Oxidation Behavior of Hf-Modified Aluminide Coatings on Inconel-718 at 1050°C,2014-06-24,CLEARLY_IRRELEVANT,CLEARLY_IRRELEVANT,Aluminide coating oxidation on Inconel superalloy; not electrocatalysis.,Cyclic oxidation of aluminide coatings on superalloy; not OER.,PRESCREEN_EXCLUDED,NOT_DECIDED,NOT_CODED
S25001,10.1039/d4cp03904a,Conversion of methanol at copper clusters on TiO 2 (110) and SiO x : direct dehydrogenation vs. partial oxidation and influence of cluster size and substrate,2025-01-01,CLEARLY_IRRELEVANT,CLEARLY_IRRELEVANT,Methanol reaction at Cu clusters on TiO2(110); not OER.,Methanol conversion on Cu clusters on rutile TiO2(110); not OER.,PRESCREEN_EXCLUDED,NOT_DECIDED,NOT_CODED
S00673,10.4236/ampc.2013.31008,Cu- and Ni-Doping Effect on Structure and Magnetic Properties of Fe-Doped ZnO Nanoparticles,2013-01-01,CLEARLY_IRRELEVANT,CLEARLY_IRRELEVANT,Cu/Ni-doped ZnO magnetic properties; unrelated field.,Cu/Ni-doped ZnO magnetic properties; unrelated to OER.,PRESCREEN_EXCLUDED,NOT_DECIDED,NOT_CODED
S03462,,Reactive High Power Impulse Magnetron Sputtering of Zinc Oxide for Thin Film Transistor Applications,2015-01-01,CLEARLY_IRRELEVANT,CLEARLY_IRRELEVANT,HiPIMS deposition of ZnO for thin-film transistors; unrelated to OER.,HiPIMS deposition of ZnO for TFTs; not OER.,PRESCREEN_EXCLUDED,NOT_DECIDED,NOT_CODED
S01315,10.1155/2014/835450,Influence of Sn Doping on Phase Transformation and Crystallite Growth of TiO2 Nanocrystals,2014-01-01,CLEARLY_IRRELEVANT,CLEARLY_IRRELEVANT,Sn-doped TiO2 phase transformation study; not OER.,Sn-doped TiO2 phase transformation/crystallite growth; not OER.,PRESCREEN_EXCLUDED,NOT_DECIDED,NOT_CODED
S18297,10.1002/9783527835423.ch4,Photocatalytic Overall Water Splitting and Related Processes for Strategic Energy Storage into Hydrogen,2023-02-17,CLEARLY_IRRELEVANT,POSSIBLY_RELEVANT,Book chapter on photocatalytic water splitting mechanisms generally; not computational OER on rutile.,Book chapter reviewing photocatalytic overall water splitting including TiO2; flagged as review.,FULL_TEXT_REVIEW,NOT_DECIDED,NOT_CODED
S15906,10.3390/met12060948,Study on the Surface Modification of Nanostructured Ti Alloys and Coarse-Grained Ti Alloys,2022-05-31,CLEARLY_IRRELEVANT,CLEARLY_IRRELEVANT,Surface modification of Ti alloys; not electrocatalysis.,Surface modification of nanostructured Ti alloys; not OER.,PRESCREEN_EXCLUDED,NOT_DECIDED,NOT_CODED
S18833,10.1039/d2ra07277g,"Mechanical alloying of Mg 0.8-X Ti 0.2 and study the effect of adding ( x = 0.2 wt%) transition metal like Sc, Zr, or Nb on their phase transitions, activation energy, and hydrogen storage properties",2023-01-01,CLEARLY_IRRELEVANT,CLEARLY_IRRELEVANT,Mg-Ti alloy hydrogen storage; unrelated to OER.,Mg-Ti alloy hydrogen storage properties; unrelated to OER.,PRESCREEN_EXCLUDED,NOT_DECIDED,NOT_CODED
S07300,10.3390/catal9030271,Pt/C and Pt/SnOx/C Catalysts for Ethanol Electrooxidation: Rotating Disk Electrode Study,2019-03-16,CLEARLY_IRRELEVANT,CLEARLY_IRRELEVANT,Pt/SnOx ethanol electrooxidation; not OER.,Pt/SnOx catalysts for ethanol electrooxidation; not OER.,PRESCREEN_EXCLUDED,NOT_DECIDED,NOT_CODED
S24630,10.1016/j.xplc.2024.101235,Barriers and carriers for transition metal homeostasis in plants,2024-12-27,CLEARLY_IRRELEVANT,CLEARLY_IRRELEVANT,Plant transition-metal transport review; unrelated field.,"Transition metal homeostasis in plants; biology, unrelated.",PRESCREEN_EXCLUDED,NOT_DECIDED,NOT_CODED
S04180,10.1039/c7ra01533j,Synthesis and characterization of an IrO 2 –Fe 2 O 3 electrocatalyst for the hydrogen evolution reaction in acidic water electrolysis,2017-01-01,CLEARLY_IRRELEVANT,CLEARLY_IRRELEVANT,"IrO2-Fe2O3 catalyst for hydrogen evolution only, no OER.","IrO2-Fe2O3 electrocatalyst for hydrogen evolution reaction; HER only, no OER.",PRESCREEN_EXCLUDED,NOT_DECIDED,NOT_CODED
S07170,10.1016/j.ceramint.2019.02.045,Dry-pressed anodized titania nanotube/CH3NH3PbI3 single crystal heterojunctions: The beneficial role of N doping,2019-02-10,CLEARLY_IRRELEVANT,CLEARLY_IRRELEVANT,"Titania nanotube/perovskite solar cell heterojunction; photovoltaic, no OER.","Titania nanotube/perovskite heterojunction solar cell; no abstract, not OER.",PRESCREEN_EXCLUDED,NOT_DECIDED,NOT_CODED
S23880,10.3390/antiox13101209,Employing Titanium Dioxide Nanoparticles as Biostimulant against Salinity: Improving Antioxidative Defense and Reactive Oxygen Species Balancing in Eggplant Seedlings,2024-10-08,CLEARLY_IRRELEVANT,CLEARLY_IRRELEVANT,TiO2 nanoparticle biostimulant in eggplant seedlings; unrelated field.,"TiO2 nanoparticles as biostimulant against salinity in plants; agriculture, unrelated.",PRESCREEN_EXCLUDED,NOT_DECIDED,NOT_CODED
S08513,10.1007/s42452-019-1412-5,The engineered nanoparticles in food chain: potential toxicity and effects,2019-10-10,CLEARLY_IRRELEVANT,CLEARLY_IRRELEVANT,Nanoparticle toxicity in food chain; unrelated field.,Engineered nanoparticle toxicity in food chain; unrelated field.,PRESCREEN_EXCLUDED,NOT_DECIDED,NOT_CODED
S18399,10.1016/j.cclet.2023.108265,TiO2 nanorods based self-supported electrode of 1T/2H MoS2 nanosheets decorated by Ag nano-particles for efficient hydrogen evolution reaction,2023-02-26,CLEARLY_IRRELEVANT,CLEARLY_IRRELEVANT,"TiO2/MoS2/Ag electrode for hydrogen evolution only, no OER.",TiO2 nanorods/MoS2/Ag electrode for hydrogen evolution reaction; HER only.,PRESCREEN_EXCLUDED,NOT_DECIDED,NOT_CODED
S27837,,Inorganic Surface Modification of Nonwoven Polymeric Substrates.,2014-01-02,CLEARLY_IRRELEVANT,CLEARLY_IRRELEVANT,Inorganic surface modification of nonwoven textiles; unrelated field.,Inorganic surface modification of nonwoven polymer textiles; unrelated field.,PRESCREEN_EXCLUDED,NOT_DECIDED,NOT_CODED
S00799,10.1039/c3ee40961a,Parameters affecting electron transfer dynamics from semiconductors to molecular catalysts for the photochemical reduction of protons,2013-01-01,CLEARLY_IRRELEVANT,CLEARLY_IRRELEVANT,"TiO2/cobalt catalyst proton reduction kinetics; HER-related, no OER.","Electron transfer to molecular catalyst on TiO2 for proton reduction; HER/photocatalysis, not OER.",PRESCREEN_EXCLUDED,NOT_DECIDED,NOT_CODED
S13986,10.3390/cryst11121488,"An Experimental and Theoretical Study on the Effect of Silver Nanoparticles Concentration on the Structural, Morphological, Optical, and Electronic Properties of TiO2 Nanocrystals",2021-11-30,CLEARLY_IRRELEVANT,CLEARLY_IRRELEVANT,Ag-doped TiO2 DFT of optical/electronic properties; not OER/electrocatalysis.,Ag-loaded TiO2 nanocrystal optical/electronic DFT study; not OER.,PRESCREEN_EXCLUDED,NOT_DECIDED,NOT_CODED
S15060,10.1016/j.coelec.2022.101031,Transition metal tellurides as emerging catalysts for electrochemical water splitting,2022-04-25,POSSIBLY_RELEVANT,CLEARLY_IRRELEVANT,Review of transition metal telluride HER/OER catalysts.,Review of transition metal telluride HER/OER catalysts; non-rutile material family.,FULL_TEXT_REVIEW,NOT_DECIDED,NOT_CODED
S23300,10.37256/mp.3220244863,Kinetics and Products of the Reaction of Graphene Nanoplatelets with Noble Metal Ions to Nanocomposites with Single Atoms and Clusters,2024-07-25,CLEARLY_IRRELEVANT,CLEARLY_IRRELEVANT,Graphene-metal ion nanocomposite formation kinetics; not OER.,Kinetics of graphene reacting with noble metal ions to form single-atom catalysts; not OER.,PRESCREEN_EXCLUDED,NOT_DECIDED,NOT_CODED
S26857,10.1016/j.matlet.2025.139487,Efficient IrO2-CeO2 composite material as an electrocatalyst for the oxygen evolution reaction,2025-09-08,POSSIBLY_RELEVANT,POSSIBLY_RELEVANT,"IrO2-CeO2 composite OER electrocatalyst; rutile IrO2, no abstract.","IrO2-CeO2 composite OER electrocatalyst; rutile IrO2, no abstract.",FULL_TEXT_REVIEW,NOT_DECIDED,NOT_CODED
S29046,10.1051/epjconf/202635701008,A review on quaternary oxides for energy conversion and storage,2026-01-01,POSSIBLY_RELEVANT,CLEARLY_IRRELEVANT,Review of quaternary oxides for energy conversion including water splitting.,Review of quaternary metal oxides for energy conversion/storage; not rutile-OER specific.,FULL_TEXT_REVIEW,NOT_DECIDED,NOT_CODED
S31260,10.1093/nsr/nwag588,Electrochemical-thermochemical-plasma cascade fixation of atmospheric components for the synthesis of α -amino acids with record production rate,2026-09-10,CLEARLY_IRRELEVANT,CLEARLY_IRRELEVANT,SnO2 catalyst for amino acid synthesis from air; not OER.,SnO2 catalyst for amino acid synthesis from air; not OER.,PRESCREEN_EXCLUDED,NOT_DECIDED,NOT_CODED
S26713,10.1016/j.ijhydene.2025.150964,Highly active ruthenium-cobalt oxide via spray pyrolysis as OER electrocatalyst in alkaline medium,2025-08-21,POSSIBLY_RELEVANT,POSSIBLY_RELEVANT,Ru-Co oxide OER catalyst; rutile RuO2 framework explicitly discussed.,"Ru-Co oxide via spray pyrolysis; explicit rutile RuO2 framework, alkaline OER.",FULL_TEXT_REVIEW,NOT_DECIDED,NOT_CODED
S18313,10.2139/ssrn.4363497,The Origin of the Ultra-Long Stability of Rock-Like 3d Hierarchical Mil-53(Fe) Self-Supporting Electrode Toward Efficient Water Oxidation,2023-01-01,CLEARLY_IRRELEVANT,CLEARLY_IRRELEVANT,MIL-53(Fe) MOF electrode for water oxidation; non-rutile MOF.,"MIL-53(Fe) MOF electrode water oxidation stability; non-rutile MOF, no abstract.",PRESCREEN_EXCLUDED,NOT_DECIDED,NOT_CODED
S07860,10.1021/acscatal.9b01234,"Progress in Accurate Chemical Kinetic Modeling, Simulations, and Parameter Estimation for Heterogeneous Catalysis",2019-06-13,CLEARLY_IRRELEVANT,CLEARLY_IRRELEVANT,Perspective on kinetic modeling of heterogeneous catalysis generally; no OER/rutile.,Perspective on kinetic modeling in heterogeneous catalysis; not OER/rutile specific.,PRESCREEN_EXCLUDED,NOT_DECIDED,NOT_CODED
S09913,10.1038/s41467-020-16558-1,Dynamic active-site generation of atomic iridium stabilized on nanoporous metal phosphides for water oxidation,2020-06-01,CLEARLY_IRRELEVANT,CLEARLY_IRRELEVANT,Single-atom Ir on metal phosphides for OER; non-rutile phosphide.,Atomic Ir single-atom catalyst on metal phosphides for OER; non-rutile support.,PRESCREEN_EXCLUDED,NOT_DECIDED,NOT_CODED
S00737,10.1149/05323.0021ecst,"Dimensionally Stable Anodes (DSA®) for Electrochemical Water Splitting: Redox Properties, OER Kinetics and Mechanism at RuO2/ NiO Modified Electrodes in Aqueous Base",2013-10-08,POSSIBLY_RELEVANT,POSSIBLY_RELEVANT,RuO2/NiO DSA anode OER kinetics/mechanism; rutile RuO2.,RuO2/NiO electrode OER mechanism in alkaline base; rutile RuO2 catalyst.,FULL_TEXT_REVIEW,NOT_DECIDED,NOT_CODED
S16609,10.1016/j.nanoen.2022.107726,Hierarchically structured metal carbides as conductive fillers in thermo‐responsive polymer nanocomposites for battery safety,2022-08-22,CLEARLY_IRRELEVANT,CLEARLY_IRRELEVANT,Metal carbide fillers for battery safety; unrelated to OER.,Metal carbide fillers in polymer nanocomposites for battery safety; not OER.,PRESCREEN_EXCLUDED,NOT_DECIDED,NOT_CODED
S24690,10.1021/acsnano.4c13188,Coexisting Phases of Individual VO2 Nanoparticles for Multilevel Nanoscale Memory,2025-01-02,CLEARLY_IRRELEVANT,CLEARLY_IRRELEVANT,VO2 nanoparticle phase transitions for memory devices; unrelated to OER.,VO2 nanoparticle phase transitions for memory devices; unrelated to OER.,PRESCREEN_EXCLUDED,NOT_DECIDED,NOT_CODED
S21345,10.1002/admi.202300920,"A Comparative Study of NiCo2O4, NiO, and Co3O4 Electrocatalysts Synthesized by a Facile Spray Pyrolysis For Electrochemical Water Oxidation",2023-12-21,CLEARLY_IRRELEVANT,CLEARLY_IRRELEVANT,NiCo2O4/NiO/Co3O4 OER comparison; non-rutile spinel/rock-salt oxides.,"NiCo2O4/NiO/Co3O4 spray-pyrolysis OER; non-rutile spinel oxides, purely experimental.",PRESCREEN_EXCLUDED,NOT_DECIDED,NOT_CODED
S18003,10.3390/ma16030975,Dielectric Spectroscopy of Calcium Titanate Processed by Spark Plasma Sintering,2023-01-20,CLEARLY_IRRELEVANT,CLEARLY_IRRELEVANT,Dielectric spectroscopy of CaTiO3 perovskite; not OER.,"Dielectric spectroscopy of perovskite CaTiO3; not OER, not rutile.",PRESCREEN_EXCLUDED,NOT_DECIDED,NOT_CODED
S07117,10.1021/acs.jpcc.8b10741,In Situ Studies of the Electrochemical Reduction of a Supported Ultrathin Single-Crystalline RuO2(110) Layer in an Acidic Environment,2019-01-24,POSSIBLY_RELEVANT,POSSIBLY_RELEVANT,"In situ study of RuO2(110) electrochemical reduction; rutile(110), not explicit OER.",In situ study of RuO2(110) electrochemical reduction; rutile surface electrochemistry.,FULL_TEXT_REVIEW,NOT_DECIDED,NOT_CODED
S30787,10.62381/i265601,Research Progress on Modification Strategies of MIL-101(Fe) -based Photocatalysts,2026-06-01,CLEARLY_IRRELEVANT,CLEARLY_IRRELEVANT,MIL-101(Fe) MOF photocatalyst review for pollutant degradation; unrelated.,Review of MIL-101(Fe) MOF photocatalysts for pollutant degradation; non-rutile.,PRESCREEN_EXCLUDED,NOT_DECIDED,NOT_CODED
S23277,10.1002/ange.202412139,Insulator‐Transition‐Induced Degradation of Pyrochlore Ruthenates in Electrocatalytic Oxygen Evolution and Stabilization through Doping,2024-07-23,CLEARLY_IRRELEVANT,CLEARLY_IRRELEVANT,Pyrochlore ruthenate OER degradation study; explicitly non-rutile structure.,Pyrochlore ruthenate Y2Ru2O7 OER degradation; non-rutile pyrochlore structure.,PRESCREEN_EXCLUDED,NOT_DECIDED,NOT_CODED
S26761,10.1039/d5ra04088d,TiO 2 -enhanced fly ash for advanced treatment of persistent organics (POCs) in landfill leachate via hybrid ozonation–peroxymonosulfate: degradation efficiency and machine learning modeling,2025-01-01,CLEARLY_IRRELEVANT,CLEARLY_IRRELEVANT,TiO2-fly ash treatment of landfill leachate; not OER.,TiO2-enhanced fly ash for landfill leachate treatment; not OER.,PRESCREEN_EXCLUDED,NOT_DECIDED,NOT_CODED
S31272,10.2139/ssrn.7451292,Dual-function of lead ions on flotation separation of columbite from aegirine：Enhancing the hydrophobicity difference between columbite and aegirine using lead ions in flotation separation,2026-01-01,CLEARLY_IRRELEVANT,CLEARLY_IRRELEVANT,"Flotation separation of columbite/aegirine; mineral processing, unrelated.","Flotation separation of columbite from aegirine; mineral processing, unrelated.",PRESCREEN_EXCLUDED,NOT_DECIDED,NOT_CODED
S03579,10.5194/cp-2016-100,Linking catchment hydrology and ocean circulation in Late Holocene southernmost Africa,2016-11-03,CLEARLY_IRRELEVANT,CLEARLY_IRRELEVANT,Paleoclimate/ocean circulation reconstruction; unrelated field.,Paleoclimate sediment core study southern Africa; unrelated field.,PRESCREEN_EXCLUDED,NOT_DECIDED,NOT_CODED
S22068,10.1016/j.heliyon.2024.e27359,Tunable structure of TiO2 deposited by DC magnetron sputtering to adsorb Cr (VI) and Fe (III) from water,2024-03-01,CLEARLY_IRRELEVANT,CLEARLY_IRRELEVANT,TiO2 films for heavy metal adsorption; not OER.,TiO2 films for adsorbing heavy metals from water; not OER.,PRESCREEN_EXCLUDED,NOT_DECIDED,NOT_CODED
S17911,10.1039/d2em00415a,Photochemical weathering of polyurethane microplastics produced complex and dynamic mixtures of dissolved organic chemicals,2023-01-01,CLEARLY_IRRELEVANT,CLEARLY_IRRELEVANT,Photoweathering of polyurethane microplastics; unrelated field.,Photochemical weathering of polyurethane microplastics; unrelated field.,PRESCREEN_EXCLUDED,NOT_DECIDED,NOT_CODED
S19849,10.21203/rs.3.rs-3130818/v1,Simultaneous photocatalytic degradation and SERS detection of tetracycline by self-sustainable and recyclable ternary PI/TiO2/Ag flexible microfibers,2023-07-25,CLEARLY_IRRELEVANT,CLEARLY_IRRELEVANT,TiO2/Ag microfiber SERS/photocatalytic tetracycline degradation; not OER.,PI/TiO2/Ag microfibers for photocatalytic degradation/SERS; not OER.,PRESCREEN_EXCLUDED,NOT_DECIDED,NOT_CODED
S30522,10.1002/anie.3314372,Buffering the Active State for Proton Exchange Membrane Water Electrolysis,2026-07-23,POSSIBLY_RELEVANT,POSSIBLY_RELEVANT,"Review of PEMWE OER catalyst active-state buffering (Ir, Ru).",Review of PEMWE acidic OER catalyst design for Ir/Ru anodes; rutile-relevant review.,FULL_TEXT_REVIEW,NOT_DECIDED,NOT_CODED
S25749,10.1038/s41467-025-59740-z,The role of carbon catalyst coatings in the electrochemical water splitting reaction,2025-05-14,POSSIBLY_RELEVANT,POSSIBLY_RELEVANT,"Carbon-coated metal oxide OER catalyst; computational analysis, oxide unspecified.","Carbon-coated metal oxide OER catalyst; computational analysis mentioned, material ambiguous.",FULL_TEXT_REVIEW,NOT_DECIDED,NOT_CODED
S02837,10.1002/adfm.201600674,Fe3O4‐Decorated Co9S8 Nanoparticles In Situ Grown on Reduced Graphene Oxide: A New and Efficient Electrocatalyst for Oxygen Evolution Reaction,2016-05-09,CLEARLY_IRRELEVANT,CLEARLY_IRRELEVANT,Fe3O4/Co9S8 OER catalyst; non-rutile spinel/sulfide.,Fe3O4-decorated Co9S8/rGO OER catalyst; non-rutile sulfide-based material.,PRESCREEN_EXCLUDED,NOT_DECIDED,NOT_CODED
S05655,10.1007/s40089-018-0225-7,"Structural, optical, and magnetic study of Ni-doped TiO2 nanoparticles synthesized by sol–gel method",2018-02-10,CLEARLY_IRRELEVANT,CLEARLY_IRRELEVANT,Ni-doped TiO2 structural/magnetic study; not OER.,Ni-doped TiO2 structural/magnetic study; not OER.,PRESCREEN_EXCLUDED,NOT_DECIDED,NOT_CODED
S12867,10.1016/j.cej.2021.131140,Hetero-structural mass transfer channel boosts electrocatalytic oxygen reactions of metallic catalyst,2021-07-06,POSSIBLY_RELEVANT,POSSIBLY_RELEVANT,"Electrocatalytic oxygen reactions of metallic catalyst; no abstract, material unclear.","Hetero-structural channel for electrocatalytic oxygen reactions; no abstract, material unspecified.",FULL_TEXT_REVIEW,NOT_DECIDED,NOT_CODED
S00501,10.1002/jgrb.50360,"Stability, metastability, and elastic properties of a dense silica polymorph, seifertite",2013-09-01,CLEARLY_IRRELEVANT,CLEARLY_IRRELEVANT,Silica polymorph seifertite geophysics; unrelated field.,"Silica polymorph seifertite properties for lower mantle; geophysics, unrelated.",PRESCREEN_EXCLUDED,NOT_DECIDED,NOT_CODED
S22576,10.1111/ter.12717,U‐Pb carbonate dating reveals long‐lived activity of proximal margin extensional faults during the Alpine Tethys rifting,2024-04-21,CLEARLY_IRRELEVANT,CLEARLY_IRRELEVANT,U-Pb carbonate dating of extensional faults; unrelated field.,"U-Pb dating of extensional faults in Alpine rifting; geology, unrelated.",PRESCREEN_EXCLUDED,NOT_DECIDED,NOT_CODED
S19379,10.1021/acsaem.3c00271,Systematic Study of Oxygen Evolution Reaction Activity and Stability of SnnSbmNblOx Ternary Oxide-Supported IrO2 Catalysts,2023-06-09,POSSIBLY_RELEVANT,POSSIBLY_RELEVANT,Ternary oxide-supported IrO2 OER catalyst study; rutile IrO2.,IrO2 (rutile) supported on ternary oxide; systematic OER activity/stability study.,FULL_TEXT_REVIEW,NOT_DECIDED,NOT_CODED
S03396,10.54014/jeks-jz8a,Two-dimensional chalcogenides : material synthesis and nano-device applications,2015-01-01,CLEARLY_IRRELEVANT,CLEARLY_IRRELEVANT,2D chalcogenide nanodevice dissertation; unrelated to OER.,2D chalcogenide synthesis for memory/photodetector devices; unrelated to OER.,PRESCREEN_EXCLUDED,NOT_DECIDED,NOT_CODED
S18878,10.1002/admi.202202499,Additively Manufactured Iron‐Based Bulk Metallic Glass Composite Electrocatalysts: Effect of Microstructural States on the Oxygen Evolution Reaction Activity,2023-04-18,CLEARLY_IRRELEVANT,CLEARLY_IRRELEVANT,Fe-based bulk metallic glass OER catalyst; non-oxide.,Fe-based bulk metallic glass composite OER; non-rutile amorphous alloy.,PRESCREEN_EXCLUDED,NOT_DECIDED,NOT_CODED
S01973,10.1016/j.corsci.2013.05.016,Chromia layer growth on a Ni-based superalloy: Sub-parabolic kinetics and the role of titanium,2013-06-07,CLEARLY_IRRELEVANT,CLEARLY_IRRELEVANT,"Chromia layer growth on Ni superalloy; thermal oxidation, not electrocatalysis.",Chromia layer growth on Ni superalloy with rutile surface phase; not OER.,PRESCREEN_EXCLUDED,NOT_DECIDED,NOT_CODED
S16188,10.21203/rs.3.rs-1782026/v1,"Elaboration and study of the capacitive properties of polyaniline composite films – mixed oxides, nickel-cobalt (Ni 0.6 Co 2.4 O 4 ) electrochemically synthesized on a platinum electrode",2022-07-12,CLEARLY_IRRELEVANT,CLEARLY_IRRELEVANT,Polyaniline/NiCoO composite capacitive electrode; not OER.,Polyaniline-Ni0.6Co2.4O4 composite films for capacitive electrodes; not OER.,PRESCREEN_EXCLUDED,NOT_DECIDED,NOT_CODED
S29371,10.15495/epub_ubt_00009068,Powering the Future : A Cobalt-Based Catalyst for Longer-Lasting Zinc–Air Batteries,2026-01-01,CLEARLY_IRRELEVANT,CLEARLY_IRRELEVANT,Co-N-C bifunctional ORR/OER catalyst for zinc-air battery; non-rutile.,Cobalt catalyst for zinc-air battery ORR/OER; non-rutile Co@N carbon material.,PRESCREEN_EXCLUDED,NOT_DECIDED,NOT_CODED
S02923,10.1038/srep11609,Hierarchical Assembly of SnO2/ZnO Nanostructures for Enhanced Photocatalytic Performance,2015-06-25,CLEARLY_IRRELEVANT,CLEARLY_IRRELEVANT,SnO2/ZnO photocatalytic degradation/H2 evolution; not OER.,SnO2/ZnO photocatalytic degradation and H2 evolution; not OER.,PRESCREEN_EXCLUDED,NOT_DECIDED,NOT_CODED
S18639,10.47392/irjash.2023.004,Effect of Nano Reinforcements Tio2 And Y2O3 on Aluminium Metal Matrix Nanocomposite,2023-01-28,CLEARLY_IRRELEVANT,CLEARLY_IRRELEVANT,TiO2/Y2O3 reinforced Al metal matrix composite; unrelated to OER.,"TiO2/Y2O3 reinforced aluminum metal matrix composite; mechanical, unrelated.",PRESCREEN_EXCLUDED,NOT_DECIDED,NOT_CODED
S13373,10.3390/pr9091655,Introducing Oxygen Vacancies in Li4Ti5O12 via Hydrogen Reduction for High-Power Lithium-Ion Batteries,2021-09-14,CLEARLY_IRRELEVANT,CLEARLY_IRRELEVANT,Li4Ti5O12 battery anode oxygen vacancies; not OER.,Oxygen vacancies in Li4Ti5O12 battery anode; not OER.,PRESCREEN_EXCLUDED,NOT_DECIDED,NOT_CODED
S21491,10.48550/arxiv.2401.02284,Enhancing the Quality and Reliability of Machine Learning Interatomic Potentials through Better Reporting Practices,2024-01-04,CLEARLY_IRRELEVANT,CLEARLY_IRRELEVANT,Reporting practices for machine-learned interatomic potentials; not OER.,Best-practices perspective for machine learning interatomic potentials; not OER-specific.,PRESCREEN_EXCLUDED,NOT_DECIDED,NOT_CODED
S11464,10.13130/sessa-gianluca_phd2019-02-07,GEOCHEMISTRY OF AMPHIBOLE FROM ARCHEAN AND EARLY PROTEROZOIC ULTRAMAFIC ROCKS: IMPLICATIONS FOR THE SECULAR EVOLUTION OF THE EARTH�S MANTLE,2019-02-07,CLEARLY_IRRELEVANT,CLEARLY_IRRELEVANT,Amphibole geochemistry in Archean mantle rocks; unrelated field.,"Amphibole geochemistry in Archean mantle rocks; geology, unrelated.",PRESCREEN_EXCLUDED,NOT_DECIDED,NOT_CODED
S08006,10.1007/s11051-019-4600-8,Fabrication of Au functionalized TiO2 nanofibers for photocatalytic application,2019-07-01,CLEARLY_IRRELEVANT,CLEARLY_IRRELEVANT,Au-TiO2 nanofiber photocatalytic dye degradation; not OER.,Au-TiO2 nanofibers for photocatalytic dye degradation; not OER.,PRESCREEN_EXCLUDED,NOT_DECIDED,NOT_CODED
S11774,10.3389/fenrg.2021.606313,First-Principles Design of Rutile Oxide Heterostructures for Oxygen Evolution Reactions,2021-02-11,LIKELY_RELEVANT,LIKELY_RELEVANT,First-principles DFT screening of 11 rutile-type MO2 oxides on rutile(110) for OER.,"First-principles DFT screening of 11 rutile TMO2(110) surfaces for OER, incl. RuO2/IrO2.",FULL_TEXT_REVIEW,NOT_DECIDED,NOT_CODED
S30541,10.1038/s41467-026-76010-8,Hydroxyl‑Mediated SO2 Promotion Enables Efficient NOx Reduction by CO over IrIn/Beta under Oxygen‑Rich Conditions,2026-07-24,CLEARLY_IRRELEVANT,CLEARLY_IRRELEVANT,IrIn/Beta zeolite NOx-SCR catalyst; not OER.,IrIn/Beta catalyst for NOx reduction by CO; not OER.,PRESCREEN_EXCLUDED,NOT_DECIDED,NOT_CODED
S00003,,Corrosion Resistance of Steel/Zinc with Silicate Nanoparticles/Polyurethane Paint Systems in NaCl Solution,2012-12-01,CLEARLY_IRRELEVANT,CLEARLY_IRRELEVANT,Steel/zinc corrosion coating study; unrelated to OER.,Corrosion resistance of coated galvanized steel; unrelated to OER.,PRESCREEN_EXCLUDED,NOT_DECIDED,NOT_CODED
S03867,,"Integrated characterization of middle Bakken diagenesis, Williston Basin, North Dakota, U.S.A.",2016-12-13,CLEARLY_IRRELEVANT,CLEARLY_IRRELEVANT,Bakken Formation diagenesis geology; unrelated field.,"Diagenesis of Bakken Formation carbonate cements; geology, unrelated.",PRESCREEN_EXCLUDED,NOT_DECIDED,NOT_CODED
S12239,10.1029/2021gc009790,"A Mélange of Subduction Ages: Constraints on the Timescale of Shear Zone Development and Underplating at the Subduction Interface, Catalina Schist (CA, USA)",2021-09-01,CLEARLY_IRRELEVANT,CLEARLY_IRRELEVANT,Subduction zone geochronology; unrelated field.,"Garnet geochronology of subduction melange; geology, unrelated.",PRESCREEN_EXCLUDED,NOT_DECIDED,NOT_CODED
S18048,10.30919/es8d806,Metallic state and negative permittivity in LaCo1-xNixO3 ceramics,2023-01-01,CLEARLY_IRRELEVANT,CLEARLY_IRRELEVANT,LaCo1-xNixO3 negative permittivity ceramics; not OER.,"LaCo1-xNixO3 perovskite negative permittivity; not OER, not rutile.",PRESCREEN_EXCLUDED,NOT_DECIDED,NOT_CODED
S20046,10.1021/acsaem.3c01585,Probing Changes in the Local Structure of Active Bimetallic Mn/Ru Oxides during Oxygen Evolution,2023-08-16,POSSIBLY_RELEVANT,POSSIBLY_RELEVANT,Mn/Ru mixed oxide structural changes during OER; rutile Ru component.,Mixed Mn/Ru oxide OER local structure study; rutile-related RuO2 benchmark.,FULL_TEXT_REVIEW,NOT_DECIDED,NOT_CODED
S09562,10.5796/electrochemistry.20-63005,Synergetic Effect of RuO2 Nanosheets as a Redox Active Binder for Aqueous Electrochemical Capacitors: The Case of MnO2,2020-04-09,CLEARLY_IRRELEVANT,CLEARLY_IRRELEVANT,RuO2 nanosheets as capacitor binder; not OER.,"RuO2 nanosheets as binder for MnO2 supercapacitor; not OER, battery/capacitor work.",PRESCREEN_EXCLUDED,NOT_DECIDED,NOT_CODED
S16500,10.3390/inorganics10080115,Nanostructured Iridium Oxide: State of the Art,2022-08-05,POSSIBLY_RELEVANT,POSSIBLY_RELEVANT,"Review of nanostructured IrO2 (rutile structure), including electrocatalysis.",Review of nanostructured IrO2 (rutile) incl. electrocatalysis applications.,FULL_TEXT_REVIEW,NOT_DECIDED,NOT_CODED
S21347,10.1021/acs.jpclett.3c03257,Enhanced Urea Oxidation Electrocatalytic Activity by Synergistic Cobalt and Nickel Mixed Oxides,2023-12-22,CLEARLY_IRRELEVANT,CLEARLY_IRRELEVANT,Ni/Co mixed oxide urea oxidation reaction (selective against OER); not rutile.,Ni/Co mixed oxide urea oxidation reaction selective vs OER; non-rutile.,PRESCREEN_EXCLUDED,NOT_DECIDED,NOT_CODED
S23961,10.53555/kuey.v29i4.7851,Improving the Optical and Electrical Characteristics of Layered Semiconductors Doped with Transition Metals,2024-09-20,CLEARLY_IRRELEVANT,CLEARLY_IRRELEVANT,Transition-metal doped layered semiconductors optoelectronics; unrelated to OER.,Transition-metal-doped layered semiconductor optoelectronics; unrelated to OER.,PRESCREEN_EXCLUDED,NOT_DECIDED,NOT_CODED
S27699,10.1002/admt.202501870,The Impact of Catalyst Layer Composition and Structure on Performance and Durability of PEMWE Anodes,2025-12-14,POSSIBLY_RELEVANT,POSSIBLY_RELEVANT,PEMWE anode with rutile-phase IrO2 catalyst layer; OER performance study.,PEMWE anode with rutile-phase IrO2 catalyst layer composition study.,FULL_TEXT_REVIEW,NOT_DECIDED,NOT_CODED
S06903,10.3929/ethz-b-000219896,Model Catalysts Fabricated via Interference Lithography and their Electrochemical Characterization,2017-01-01,POSSIBLY_RELEVANT,CLEARLY_IRRELEVANT,Model catalyst nanoparticles for water electrolysis/fuel cells; material unspecified.,Model catalysts via interference lithography for fuel cell reactions; not rutile-OER specific.,FULL_TEXT_REVIEW,NOT_DECIDED,NOT_CODED
S12053,10.1088/2515-7639/abf1a9,"A mini-review on decorating, templating of commercial and electrospinning of new porous carbon electrodes for vanadium redox flow batteries",2021-03-24,CLEARLY_IRRELEVANT,CLEARLY_IRRELEVANT,Review of carbon electrodes for vanadium redox flow batteries; not OER.,Review of carbon electrodes for vanadium redox flow batteries; not OER.,PRESCREEN_EXCLUDED,NOT_DECIDED,NOT_CODED
S01271,10.1016/j.tecto.2011.12.034,"The low-grade Canal de las Montañas Shear Zone and its role in the tectonic emplacement of the Sarmiento Ophiolitic Complex and Late Cretaceous Patagonian Andes orogeny, Chile",2011-12-29,CLEARLY_IRRELEVANT,CLEARLY_IRRELEVANT,Shear zone tectonics in Patagonian Andes; unrelated field.,"Shear zone tectonics of Patagonian Andes; geology, unrelated.",PRESCREEN_EXCLUDED,NOT_DECIDED,NOT_CODED
S01041,10.1002/cctc.201100160,Tailoring the Activity for Oxygen Evolution Electrocatalysis on Rutile TiO2(110) by Transition‐Metal Substitution,2011-08-25,LIKELY_RELEVANT,LIKELY_RELEVANT,DFT OER study on doped rutile MTiO2(110) surfaces with scaling relations and overpotentials.,DFT study of OER on transition-metal-doped rutile TiO2(110); explicit CHE-style scaling.,FULL_TEXT_REVIEW,NOT_DECIDED,NOT_CODED
S09117,10.1002/eem2.12068,Impact of Methanol Photomediated Surface Defects on Photocatalytic H2 Production Over Pt/TiO2,2020-01-24,CLEARLY_IRRELEVANT,CLEARLY_IRRELEVANT,"Pt/TiO2 photocatalytic H2 production; HER-related, no OER.",Pt/TiO2 photocatalytic H2 production surface defects; not OER.,PRESCREEN_EXCLUDED,NOT_DECIDED,NOT_CODED
S14185,10.1016/j.elecom.2021.107168,"Controlling anodization time to monitor film thickness, phase composition and crystal orientation during anodic growth of TiO2 nanotubes",2021-12-06,CLEARLY_IRRELEVANT,CLEARLY_IRRELEVANT,Anodic TiO2 nanotube growth phase/thickness study; not OER.,Anodic growth of TiO2 nanotube phase composition; not OER.,PRESCREEN_EXCLUDED,NOT_DECIDED,NOT_CODED
S20711,10.1021/acs.langmuir.3c01847,Enhanced Heat Flow between Charged Nanoparticles and an Aqueous Electrolyte,2023-10-22,CLEARLY_IRRELEVANT,CLEARLY_IRRELEVANT,Heat transfer between charged nanoparticles and electrolyte; not OER.,Heat transfer between charged nanoparticles and electrolyte; unrelated to OER.,PRESCREEN_EXCLUDED,NOT_DECIDED,NOT_CODED
S21087,10.1016/j.apsusc.2023.159030,Pt-Nb2O5-TiO2 based semiconductors for photo-reforming of glucose and fructose aqueous solutions,2023-11-29,CLEARLY_IRRELEVANT,CLEARLY_IRRELEVANT,Pt-Nb2O5-TiO2 photoreforming of biomass sugars; not OER.,Pt-Nb2O5-TiO2 photo-reforming of sugars; not OER.,PRESCREEN_EXCLUDED,NOT_DECIDED,NOT_CODED
S15203,10.1016/j.ijhydene.2022.03.100,Covalent organic polymer derived N–doped carbon confined FeNi alloys as bifunctional oxygen electrocatalyst for rechargeable zinc-air battery,2022-04-01,CLEARLY_IRRELEVANT,CLEARLY_IRRELEVANT,"FeNi alloy bifunctional oxygen electrocatalyst; non-rutile, no abstract.","N-doped carbon-confined FeNi bifunctional oxygen electrocatalyst; non-rutile, no abstract.",PRESCREEN_EXCLUDED,NOT_DECIDED,NOT_CODED
S30906,10.48550/arxiv.2608.21525,"Machine-learned exchange-correlation functionals for molecules, solids, and reactive surfaces",2026-08-21,CLEARLY_IRRELEVANT,CLEARLY_IRRELEVANT,ML exchange-correlation functional for DFT on Pt surfaces; not OER/rutile.,Machine-learned exchange-correlation functional for surfaces (Pt example); not rutile-OER specific.,PRESCREEN_EXCLUDED,NOT_DECIDED,NOT_CODED
S14628,10.1007/s40843-021-1929-5,Reversible LiOH chemistry in Li-O2 batteries with free-standing Ag/δ-MnO2 nanoflower cathode,2022-02-17,CLEARLY_IRRELEVANT,CLEARLY_IRRELEVANT,Li-O2 battery cathode chemistry; not OER.,"Ag/MnO2 cathode for Li-O2 battery; not OER, no abstract.",PRESCREEN_EXCLUDED,NOT_DECIDED,NOT_CODED
S19596,10.1016/j.jpcs.2023.111532,Enhancing the performance of the perovskite solar cells by modifying the SnO2 electron transport layer,2023-06-28,CLEARLY_IRRELEVANT,CLEARLY_IRRELEVANT,"Perovskite solar cell SnO2 electron transport layer; photovoltaic, no OER.",SnO2 electron transport layer in perovskite solar cells; not OER.,PRESCREEN_EXCLUDED,NOT_DECIDED,NOT_CODED
S01866,10.4236/ijg.2015.67064,"Aptian-Late Cenomanian Fluvio-Lacustrine Lithofacies and Palynomorphs from Mamfe Basin, Southwest Cameroon, West Africa",2015-01-01,CLEARLY_IRRELEVANT,CLEARLY_IRRELEVANT,Sedimentology/palynology of Mamfe Basin; unrelated field.,"Palynology/lithofacies of Mamfe Basin; geology, unrelated.",PRESCREEN_EXCLUDED,NOT_DECIDED,NOT_CODED
S27771,,Biologically Inspired Photocatalytically Active Membranes for Water Treatment,2013-01-01,CLEARLY_IRRELEVANT,CLEARLY_IRRELEVANT,Bioinspired TiO2 photocatalytic membranes for water treatment; not OER.,Bio-inspired TiO2 photocatalytic membranes for water treatment; not OER.,PRESCREEN_EXCLUDED,NOT_DECIDED,NOT_CODED
S26068,10.3390/nano15120932,A Comprehensive Overview of Co3O4 Nanoparticles: Solution Combustion Synthesis and Potential Applications,2025-06-16,CLEARLY_IRRELEVANT,CLEARLY_IRRELEVANT,"Review of Co3O4 nanoparticle synthesis for batteries/supercapacitors; not OER, non-rutile.","Review of Co3O4 nanoparticle synthesis for batteries/supercapacitors; non-rutile, not OER.",PRESCREEN_EXCLUDED,NOT_DECIDED,NOT_CODED
S02603,10.1021/am400398d,Preparation and Characterization of Microporous Layers on Titanium by Anodization in Sulfuric Acid with and without Hydrogen Charging,2013-03-14,CLEARLY_IRRELEVANT,CLEARLY_IRRELEVANT,"Anodized porous TiO2 layers on Ti; oxygen evolution incidental to anodization, not catalytic OER study.","Anodized porous Ti oxide layers via H2SO4; oxygen evolution incidental to pore formation, not OER catalysis.",PRESCREEN_EXCLUDED,NOT_DECIDED,NOT_CODED
S18191,10.1002/sus2.107,Dissolution of WO 3 modified with IrO x overlayers during photoelectrochemical water splitting,2023-01-11,POSSIBLY_RELEVANT,POSSIBLY_RELEVANT,WO3 photoanode with IrOx overlayer stability during PEC water splitting.,IrOx overlayers on WO3 photoanode for PEC water splitting stability; rutile-family Ir oxide.,FULL_TEXT_REVIEW,NOT_DECIDED,NOT_CODED
S14849,10.1002/cssc.202200015,Epitaxial Core‐Shell Oxide Nanoparticles: First‐Principles Evidence for Increased Activity and Stability of Rutile Catalysts for Acidic Oxygen Evolution,2022-03-16,LIKELY_RELEVANT,LIKELY_RELEVANT,First-principles DFT of rutile TiO2 core with IrO2/RuO2 shell for acidic OER.,First-principles DFT on rutile TiO2 core with IrO2/RuO2 shells for acidic OER.,FULL_TEXT_REVIEW,NOT_DECIDED,NOT_CODED
S20622,10.1016/j.epsl.2023.118405,Europium anomalies in zircon: A signal of crustal depth?,2023-10-11,CLEARLY_IRRELEVANT,CLEARLY_IRRELEVANT,Europium anomalies in zircon petrogenesis; unrelated field.,"Europium anomalies in zircon as crustal depth proxy; geology, unrelated.",PRESCREEN_EXCLUDED,NOT_DECIDED,NOT_CODED
S09545,10.1016/j.emcon.2020.03.002,"Degradation of 2,4,6-trichlorphenol by producing hydrogen using ultrasonic mist generated from photocatalysts suspension",2020-01-01,CLEARLY_IRRELEVANT,CLEARLY_IRRELEVANT,Photocatalytic H2 production with pollutant degradation; not OER.,Photocatalytic H2 production with pollutant degradation via TiO2/g-C3N4/Bi2O3; not OER.,PRESCREEN_EXCLUDED,NOT_DECIDED,NOT_CODED
S10918,,Graph-theoretical approach to algorithmic construction of complex reaction networks,2020-01-01,CLEARLY_IRRELEVANT,CLEARLY_IRRELEVANT,Graph-theoretical modeling of polymer reaction networks; unrelated field.,Graph-theoretical modeling of polymer reaction networks; unrelated to OER.,PRESCREEN_EXCLUDED,NOT_DECIDED,NOT_CODED
S07209,10.1016/j.jelechem.2019.02.039,Electrochemical behavior and corrosion mechanism of Ti/IrO2-RuO2 anodes in sulphuric acid solution,2019-02-19,POSSIBLY_RELEVANT,POSSIBLY_RELEVANT,"Ti/IrO2-RuO2 DSA anode electrochemical/corrosion behavior; rutile mixed oxide, no abstract.","Ti/IrO2-RuO2 DSA anode corrosion mechanism; rutile Ir/Ru oxide electrochemistry, no abstract.",FULL_TEXT_REVIEW,NOT_DECIDED,NOT_CODED
S16438,10.1038/s41467-022-32024-6,Sustainable oxygen evolution electrocatalysis in aqueous 1 M H2SO4 with earth abundant nanostructured Co3O4,2022-07-27,CLEARLY_IRRELEVANT,CLEARLY_IRRELEVANT,Co3O4 acidic OER catalyst; non-rutile spinel.,"Co3O4 acidic OER electrocatalyst; non-rutile spinel oxide, purely experimental.",PRESCREEN_EXCLUDED,NOT_DECIDED,NOT_CODED
S08711,10.1016/j.jngse.2019.103045,Review of experimental sorption studies of CO2 and CH4 in shales,2019-11-03,CLEARLY_IRRELEVANT,CLEARLY_IRRELEVANT,Review of CO2/CH4 sorption in shales; unrelated field.,Review of CO2/CH4 sorption in shales; unrelated to OER.,PRESCREEN_EXCLUDED,NOT_DECIDED,NOT_CODED
S27382,10.1021/acsaem.5c02853,Iridium-Based Materials as an Electrocatalyst in Computational Investigation of Their Performance for Hydrogen and Oxygen Evolution Reactions,2025-11-06,LIKELY_RELEVANT,LIKELY_RELEVANT,DFT+CHE study of Ir/IrO2/Ir2O3 surfaces for HER and OER overpotentials.,"DFT+CHE model for HER/OER on Ir, IrO2, Ir2O3 surfaces; explicit rutile IrO2 activity.",FULL_TEXT_REVIEW,NOT_DECIDED,NOT_CODED
S03147,10.1021/acsami.6b05135,Porous versus Compact Nanosized Fe(III)-Based Water Oxidation Catalyst for Photoanodes Functionalization,2016-07-22,CLEARLY_IRRELEVANT,CLEARLY_IRRELEVANT,Fe(III) oxide water oxidation catalyst on hematite photoanode; non-rutile.,Fe(III) oxide (hematite) water oxidation catalyst coating photoanodes; non-rutile.,PRESCREEN_EXCLUDED,NOT_DECIDED,NOT_CODED
S29946,10.3389/fmats.2026.1829611,TiO2-based strategies for mitigating hexavalent chromium in portland cement: a mechanism-guided mini review,2026-06-03,CLEARLY_IRRELEVANT,CLEARLY_IRRELEVANT,TiO2 mitigation of Cr(VI) in cement mini review; not OER.,Mini-review TiO2 mitigating Cr(VI) in cement; not OER.,PRESCREEN_EXCLUDED,NOT_DECIDED,NOT_CODED
S21656,10.1038/s41467-024-45031-6,Photocatalytic ethylene production by oxidative dehydrogenation of ethane with dioxygen on ZnO-supported PdZn intermetallic nanoparticles,2024-01-26,CLEARLY_IRRELEVANT,CLEARLY_IRRELEVANT,Photocatalytic ethylene production via ethane dehydrogenation; not OER.,Photocatalytic ethylene production via ethane oxidative dehydrogenation on PdZn/ZnO; not OER.,PRESCREEN_EXCLUDED,NOT_DECIDED,NOT_CODED
S29277,10.20776/900120234,Thermal Performance of Perovskite-type Ceramics for CO2 Concentration and Reduction through Nanosizing,2021-09-30,CLEARLY_IRRELEVANT,CLEARLY_IRRELEVANT,"Perovskite Ti nanocrystal thermal CO2 reduction; not OER, non-rutile.","Perovskite ceramics for thermal CO2 reduction; not OER, not rutile.",PRESCREEN_EXCLUDED,NOT_DECIDED,NOT_CODED
S13786,10.1021/acsami.1c15119,Electronic Interaction between In Situ Formed RuO2 Clusters and a Nanoporous Zn3V3O8 Support and Its Use in the Oxygen Evolution Reaction,2021-11-16,POSSIBLY_RELEVANT,POSSIBLY_RELEVANT,RuO2 clusters on Zn3V3O8 for OER; first-principles simulation of electronic structure.,RuO2 (rutile) clusters on Zn3V3O8 support for OER; overpotential reported.,FULL_TEXT_REVIEW,NOT_DECIDED,NOT_CODED
S12388,10.1016/j.apcata.2021.118202,"Review on the catalytic tri-reforming of methane - Part I: Impact of operating conditions, catalyst deactivation and regeneration",2021-05-09,CLEARLY_IRRELEVANT,CLEARLY_IRRELEVANT,Review of methane tri-reforming catalysis; unrelated to OER.,Review of catalytic tri-reforming of methane; unrelated to OER.,PRESCREEN_EXCLUDED,NOT_DECIDED,NOT_CODED
S14947,10.1063/5.0083340,The ΔSCF method for non-adiabatic dynamics of systems in the liquid phase,2022-04-06,CLEARLY_IRRELEVANT,CLEARLY_IRRELEVANT,Delta-SCF method for non-adiabatic dynamics in liquid phase; unrelated.,Delta-SCF method for non-adiabatic dynamics in liquid phase; not OER.,PRESCREEN_EXCLUDED,NOT_DECIDED,NOT_CODED
S16517,10.3390/foods11162416,Degradation of Residual Herbicide Atrazine in Agri-Food and Washing Water,2022-08-11,CLEARLY_IRRELEVANT,CLEARLY_IRRELEVANT,Review of atrazine herbicide degradation; unrelated field.,Review of atrazine herbicide degradation methods; unrelated to OER.,PRESCREEN_EXCLUDED,NOT_DECIDED,NOT_CODED
S04948,10.1002/chem.201703796,In Situ Antisolvent Approach to Hydrangea‐like HCo3O4‐NC@CoNi‐LDH Core@Shell Superstructures for Highly Efficient Water Electrolysis,2017-09-26,CLEARLY_IRRELEVANT,CLEARLY_IRRELEVANT,Co3O4/CoNi-LDH OER water electrolysis catalyst; non-rutile.,Co3O4-NC@CoNi-LDH core-shell OER catalyst; non-rutile layered double hydroxide.,PRESCREEN_EXCLUDED,NOT_DECIDED,NOT_CODED
S11485,10.1142/s1793292021300024,Recent Progress in Anodic Oxidation of TiO2 Nanotubes and Enhanced Photocatalytic Performance: A Short Review,2021-01-01,CLEARLY_IRRELEVANT,CLEARLY_IRRELEVANT,Review of TiO2 nanotube anodic oxidation/photocatalysis; not OER.,Review of anodic TiO2 nanotube photocatalysis; not OER.,PRESCREEN_EXCLUDED,NOT_DECIDED,NOT_CODED
S05469,10.1149/ma2018-01/29/1666,A Novel and Economical Rde-Based Approach for Investigating the Oxidation Evolution Reaction Activity of IrO2-Based Catalyst Coated Membranes,2018-04-13,POSSIBLY_RELEVANT,POSSIBLY_RELEVANT,RDE-based method to test IrO2-based OER catalyst coated membranes.,RDE-based method to test IrO2-based OER catalyst-coated membranes.,FULL_TEXT_REVIEW,NOT_DECIDED,NOT_CODED
S14520,10.1016/j.jphotochem.2022.113853,Reduction and precipitation of aqueous europium (III) under an air atmosphere by near-infrared femtosecond laser pulses,2022-02-08,CLEARLY_IRRELEVANT,CLEARLY_IRRELEVANT,Laser-induced europium reduction/precipitation; unrelated field.,Femtosecond laser reduction of aqueous europium; unrelated to OER.,PRESCREEN_EXCLUDED,NOT_DECIDED,NOT_CODED
S30524,10.1016/j.jallcom.2026.190016,Ionic radius regulation on defect structure and electrical properties of flash-sintered TiO₂-based ceramics,2026-07-23,CLEARLY_IRRELEVANT,CLEARLY_IRRELEVANT,"Flash-sintered TiO2 ceramics defect/electrical properties; not OER, no abstract.",Flash-sintered TiO2 ceramic defect/electrical properties; not OER.,PRESCREEN_EXCLUDED,NOT_DECIDED,NOT_CODED
S00715,10.1007/s00410-014-0964-z,Phase relations and melting of carbonated peridotite between 10 and 20 GPa: a proxy for alkali- and CO2-rich silicate melts in the deep mantle,2014-02-01,CLEARLY_IRRELEVANT,CLEARLY_IRRELEVANT,Melting of carbonated peridotite in deep mantle; unrelated field.,"Melting of carbonated peridotite in deep mantle; geology, unrelated.",PRESCREEN_EXCLUDED,NOT_DECIDED,NOT_CODED
S24907,10.1016/j.jcat.2025.115968,GC-DFT simulation of coverage and potential effect for oxygen evolution reaction on RuO2-based electrocatalyst,2025-01-23,LIKELY_RELEVANT,LIKELY_RELEVANT,GC-DFT simulation of coverage/potential effects for OER on RuO2 electrocatalyst.,GC-DFT simulation of coverage/potential effects for OER on RuO2 electrocatalyst.,FULL_TEXT_REVIEW,NOT_DECIDED,NOT_CODED
S12114,10.1088/2632-959x/abf46b,Nanotechnology in cosmetics pros and cons,2021-04-01,CLEARLY_IRRELEVANT,CLEARLY_IRRELEVANT,Review of nanotechnology in cosmetics; unrelated field.,Review of nanotechnology pros/cons in cosmetics; unrelated field.,PRESCREEN_EXCLUDED,NOT_DECIDED,NOT_CODED
S17662,10.1002/eem2.12575,Recent Advances on Challenges and Strategies of Manganese Dioxide Cathodes for Aqueous Zinc‐Ion Batteries,2022-12-24,CLEARLY_IRRELEVANT,CLEARLY_IRRELEVANT,Review of MnO2 cathodes for zinc-ion batteries; not OER.,Review of MnO2 cathodes for zinc-ion batteries; not OER.,PRESCREEN_EXCLUDED,NOT_DECIDED,NOT_CODED
S19435,10.1002/aenm.202301450,Size‐Controlled Synthesis of IrO2 Nanoparticles at High Temperatures for the Oxygen Evolution Reaction,2023-06-13,POSSIBLY_RELEVANT,POSSIBLY_RELEVANT,Size-controlled synthesis of rutile IrO2 nanoparticles for OER.,Size-controlled synthesis of IrO2 (rutile) nanoparticles for OER.,FULL_TEXT_REVIEW,NOT_DECIDED,NOT_CODED
S07199,10.1002/celc.201801731,"Electrochemically Fabricated Ni−P, Ni−S and Ni−Se Materials for Overall Water Splitting: Investigating the Concept of Bifunctional Electrocatalysis",2019-02-21,CLEARLY_IRRELEVANT,CLEARLY_IRRELEVANT,Ni-P/S/Se bifunctional water-splitting electrocatalysts; non-rutile.,Electrochemical Ni-P/S/Se bifunctional water splitting catalysts; non-rutile materials.,PRESCREEN_EXCLUDED,NOT_DECIDED,NOT_CODED
S21734,10.20944/preprints202402.0089.v1,Amphiphilic Graft Copolymers as Templates for the Generation of Binary Metal Oxide Mesoporous Interfacial Layers for Solid State Photovoltaic Cells,2024-02-02,CLEARLY_IRRELEVANT,CLEARLY_IRRELEVANT,Binary metal oxide mesoporous layers for DSSC photovoltaics; not OER.,Binary metal oxide mesoporous layers for DSSC photovoltaics; not OER.,PRESCREEN_EXCLUDED,NOT_DECIDED,NOT_CODED
S23596,10.3390/molecules29174164,Heterogeneous Photocatalytic Degradation of Selected Pharmaceuticals and Personal Care Products (PPCPs) Using Tungsten Doped TiO2: Effect of the Tungsten Precursors and Solvents,2024-09-03,CLEARLY_IRRELEVANT,CLEARLY_IRRELEVANT,W-doped TiO2 photocatalytic degradation of PPCPs; not OER.,W-doped TiO2 photocatalytic degradation of pharmaceuticals; not OER.,PRESCREEN_EXCLUDED,NOT_DECIDED,NOT_CODED
S24098,10.1007/s42114-024-01039-6,Meta-structure of amorphous-inspired 65.1Co28.2Cr5.3Mo lattices augmented by artificial intelligence,2024-11-05,CLEARLY_IRRELEVANT,CLEARLY_IRRELEVANT,AI-designed CoCrMo lattice metastructure; unrelated to OER.,AI-designed CoCrMo metal lattice mechanical properties; unrelated to OER.,PRESCREEN_EXCLUDED,NOT_DECIDED,NOT_CODED
S13516,10.1016/j.ensm.2021.09.034,Research progress of MXene-based catalysts for electrochemical water-splitting and metal-air batteries,2021-09-28,CLEARLY_IRRELEVANT,CLEARLY_IRRELEVANT,Review of MXene catalysts for water splitting/metal-air batteries; non-oxide.,"Review of MXene catalysts for water splitting/metal-air batteries; non-rutile, no abstract.",PRESCREEN_EXCLUDED,NOT_DECIDED,NOT_CODED
S09081,10.26180/5dd1db8cd639f,Towards Dynamic Minerals-criticality Evaluations using Game Theory and Statistical Learning,2019-01-01,CLEARLY_IRRELEVANT,CLEARLY_IRRELEVANT,Game-theory model of minerals criticality; unrelated field.,"Game-theoretic mineral criticality evaluation; economics, unrelated.",PRESCREEN_EXCLUDED,NOT_DECIDED,NOT_CODED
S16638,10.3389/feart.2022.866375,Evolution of the Continental Crust in the Northern Tibetan Plateau: Constraints From Geochronology and Hf Isotopes of Detrital Zircons,2022-04-27,CLEARLY_IRRELEVANT,CLEARLY_IRRELEVANT,"Detrital zircon geochronology, Tibetan Plateau; unrelated field.","Detrital zircon geochronology of Tibetan Plateau crust; geology, unrelated.",PRESCREEN_EXCLUDED,NOT_DECIDED,NOT_CODED
S00359,,Inert refractory systems for casting of titanium alloys,2012-12-01,CLEARLY_IRRELEVANT,CLEARLY_IRRELEVANT,Refractory casting systems for Ti alloys; unrelated to OER.,Yttria slurry face coats for titanium alloy casting; unrelated to OER.,PRESCREEN_EXCLUDED,NOT_DECIDED,NOT_CODED
S01874,10.1002/cssc.201100519,"A Hard‐Template Method for the Preparation of IrO2, and Its Performance in a Solid‐Polymer‐Electrolyte Water Electrolyzer",2012-03-22,POSSIBLY_RELEVANT,POSSIBLY_RELEVANT,Hard-template synthesis of rutile IrO2 for OER in PEM electrolyzer.,Hard-template IrO2 (rutile) synthesis for SPE water electrolyzer OER.,FULL_TEXT_REVIEW,NOT_DECIDED,NOT_CODED
S04757,10.1021/acs.jpcc.7b03481,A Theoretical Investigation into the Role of Surface Defects for Oxygen Evolution on RuO2,2017-08-01,LIKELY_RELEVANT,LIKELY_RELEVANT,DFT study of surface defects on RuO2(110) driving OER activity.,DFT study of surface defects on RuO2(110) for oxygen evolution reaction.,FULL_TEXT_REVIEW,NOT_DECIDED,NOT_CODED
S17296,10.1002/advs.202203678,Electronic Structure Engineering of Highly‐Scalable Earth‐Abundant Multi‐Synergized Electrocatalyst for Exceptional Overall Water Splitting in Neutral Medium,2022-11-11,CLEARLY_IRRELEVANT,CLEARLY_IRRELEVANT,NiSx catalyst for neutral-medium water splitting; non-rutile.,NiSx electrocatalyst for neutral water splitting; non-rutile material.,PRESCREEN_EXCLUDED,NOT_DECIDED,NOT_CODED
S15416,10.1002/9783527652372.index,Index,2013-06-10,CLEARLY_IRRELEVANT,CLEARLY_IRRELEVANT,Book index paratext; not a research article.,Book index/paratext; not a research article.,PRESCREEN_EXCLUDED,NOT_DECIDED,NOT_CODED
S12356,10.1088/1674-4926/42/7/072501,High room-temperature magnetization in Co-doped TiO 2 nanoparticles promoted by vacuum annealing for different durations,2021-07-01,CLEARLY_IRRELEVANT,CLEARLY_IRRELEVANT,Co-doped TiO2 room-temperature magnetism; not OER.,Co-doped TiO2 room-temperature magnetization; not OER.,PRESCREEN_EXCLUDED,NOT_DECIDED,NOT_CODED
S19920,10.3390/pr11082286,A Comprehensive Model for Evaluating Titanium Industry Security in China,2023-07-30,CLEARLY_IRRELEVANT,CLEARLY_IRRELEVANT,Model evaluating China's titanium industry security; unrelated to OER.,"Evaluation model for China's titanium industry security; economics, unrelated.",PRESCREEN_EXCLUDED,NOT_DECIDED,NOT_CODED
S30777,10.21203/rs.3.rs-10498919/v1,Influence of Atmospheric-Pressure Plasma Reactor Configuration on the Growth and Properties of SnO$_x$ Coatings,2026-08-12,CLEARLY_IRRELEVANT,CLEARLY_IRRELEVANT,"Plasma reactor growth of SnOx coatings; no abstract, not OER.","Atmospheric plasma reactor for SnOx coating growth; no abstract, not OER.",PRESCREEN_EXCLUDED,NOT_DECIDED,NOT_CODED
S04530,,Fluorescent Carbon Dots as Sensitizers for Nanostructured Solar Cells,2016-01-12,CLEARLY_IRRELEVANT,CLEARLY_IRRELEVANT,Carbon dot sensitizers for solar cells dissertation; unrelated to OER.,Carbon dot dissertation for solar cell sensitizers; not OER.,PRESCREEN_EXCLUDED,NOT_DECIDED,NOT_CODED
S29808,10.1007/s00410-026-02326-9,"Origin of amphibole in evolving Variscan subcontinental lithospheric mantle: the Marais de Limagne xenoliths, Massif Central, France",2026-05-16,CLEARLY_IRRELEVANT,CLEARLY_IRRELEVANT,"Amphibole in mantle xenoliths, Massif Central; unrelated field.","Amphibole origin in mantle xenoliths, Massif Central; geology, unrelated.",PRESCREEN_EXCLUDED,NOT_DECIDED,NOT_CODED
S18934,10.1002/aenm.202300615,Revealing and Optimizing the Dialectical Relationship Between NOR and OER: Cation Vacancy Engineering Enables RuO2 With Unanticipated High Electrochemical Nitrogen Oxidation Performance,2023-04-25,LIKELY_RELEVANT,LIKELY_RELEVANT,DFT of OER intermediates on defective RuO2 driving nitrogen oxidation selectivity.,RuO2 defect engineering; DFT-derived OER intermediates (*O to *OOH) analyzed vs NOR.,FULL_TEXT_REVIEW,NOT_DECIDED,NOT_CODED
S09476,,"Can pluton-related and pluton-unrelated granitic pegmatites be distinguished by their chemistry? In: Jacobson, M.I.",2016-01-01,CLEARLY_IRRELEVANT,CLEARLY_IRRELEVANT,"Conference logistics/parking information, not a scientific abstract; unrelated.","Pegmatite chemistry classification conference note (garbled with parking info); geology, unrelated.",PRESCREEN_EXCLUDED,NOT_DECIDED,NOT_CODED
S16086,10.3389/fchem.2022.953434,Photocatalytic Microbial Fuel Cells and Performance Applications: A Review,2022-06-30,CLEARLY_IRRELEVANT,CLEARLY_IRRELEVANT,Review of photocatalytic microbial fuel cells for wastewater treatment; not OER.,Review of photocatalytic microbial fuel cells; not rutile-OER specific.,PRESCREEN_EXCLUDED,NOT_DECIDED,NOT_CODED
S11314,10.1039/d0na00700e,Tuning the magnetic properties of Sn 1−x−y Ce 4+x Ce 3+y O 2 nanoparticles: an experimental and theoretical approach,2020-12-28,CLEARLY_IRRELEVANT,CLEARLY_IRRELEVANT,Ce-doped SnO2 magnetic properties; not OER.,Ce-doped SnO2 magnetic property tuning; not OER.,PRESCREEN_EXCLUDED,NOT_DECIDED,NOT_CODED
S14523,10.1016/j.ensm.2022.02.009,Highly porous scaffolds for Ru-based microsupercapacitor electrodes using hydrogen bubble templated electrodeposition,2022-02-08,CLEARLY_IRRELEVANT,CLEARLY_IRRELEVANT,Ru-based microsupercapacitor electrode scaffolds; not OER.,"Ru-based microsupercapacitor electrode scaffolds; not OER, energy storage.",PRESCREEN_EXCLUDED,NOT_DECIDED,NOT_CODED
S10055,,Recent Trends and Development of Underwater Welding,2020-03-27,CLEARLY_IRRELEVANT,CLEARLY_IRRELEVANT,Review of underwater welding techniques; unrelated field.,Trends in underwater welding techniques; unrelated field.,PRESCREEN_EXCLUDED,NOT_DECIDED,NOT_CODED
S02706,10.1021/jp511426q,A Linear Response DFT+ U Study of Trends in the Oxygen Evolution Activity of Transition Metal Rutile Dioxides,2015-02-09,LIKELY_RELEVANT,LIKELY_RELEVANT,DFT+U study of OER activity trends across transition metal rutile dioxides.,Linear response DFT+U study of OER activity trends on rutile transition-metal dioxides.,FULL_TEXT_REVIEW,NOT_DECIDED,NOT_CODED
