path,calculation,n_scf_blocks,n_symops,nosym_in_deck,n_adsorbate,max_fy_adsorbate,confinement
Co_slab/H2.out,relax,3,16,False,0,,
Co_slab/H2O.out,relax,4,4,False,0,,
Co_slab/s0_O.out,relax,15,1,True,1,0.00049003,EXPLORED
Co_slab/s0_OH.out,relax,16,1,True,2,0.01681003,EXPLORED
Co_slab/slab.out,relax,17,1,True,0,,
Cr_slab/H2.out,relax,3,16,False,0,,
Cr_slab/H2O.out,relax,4,4,False,0,,
Cr_slab/s0_O.out,relax,12,4,False,1,0.0,LOCKED
Cr_slab/s0_OH.out,relax,44,2,False,2,0.0,LOCKED
Cr_slab/s0_OOH.out,relax,82,2,False,3,0.0,LOCKED
Cr_slab/slab.out,relax,16,1,True,0,,
Cu_slab/s0_OH.out,scf,0,1,True,2,,
Cu_slab/s0_OOH.out,relax,6,1,True,3,7.8e-07,ON_PLANE
Fe_slab/H2.out,relax,3,16,False,0,,
Fe_slab/H2O.out,relax,4,4,False,0,,
Fe_slab/s0_O.out,relax,38,1,True,1,3.998e-05,ON_PLANE
Fe_slab/s0_OH.out,relax,51,1,True,2,0.00102913,EXPLORED
Fe_slab/s0_OOH.out,relax,29,1,True,3,1.573e-05,ON_PLANE
Fe_slab/slab.out,relax,20,1,True,0,,
Ir_anchor/H2.out,relax,3,16,False,0,,
Ir_anchor/H2O.out,relax,4,4,False,0,,
Ir_anchor/s0_O.out,relax,34,4,False,1,0.0,LOCKED
Ir_anchor/s0_OH.out,relax,30,2,False,2,0.0,LOCKED
Ir_anchor/s0_OOH.out,relax,60,2,False,3,0.0,LOCKED
Ir_anchor/slab.out,relax,12,1,True,0,,
Mn_slab/H2.out,relax,3,16,False,0,,
Mn_slab/H2O.out,relax,4,4,False,0,,
Mn_slab/s0_O.out,relax,34,1,True,1,2.59e-06,ON_PLANE
Mn_slab/s0_OH.out,relax,46,1,True,2,0.03945789,EXPLORED
Mn_slab/s0_OOH.out,relax,34,1,True,3,0.00234431,EXPLORED
Mn_slab/slab.out,relax,20,1,True,0,,
Ni_slab/H2.out,relax,3,16,False,0,,
Ni_slab/H2O.out,relax,4,4,False,0,,
Ni_slab/s0_O.out,relax,9,1,True,1,4e-08,ON_PLANE
Ni_slab/s0_OH.out,relax,14,1,True,2,8e-08,ON_PLANE
Ni_slab/slab.out,relax,14,1,True,0,,
probe/Co_basin/s0_OH.out,relax,3,1,True,2,0.00078383,EXPLORED
probe/Co_uladder/s0_OH__base.out,scf,1,1,True,2,0.0007811,EXPLORED
probe/Co_uladder/s0_OH__u0.0.out,scf,1,1,True,2,0.00083232,EXPLORED
probe/Co_uladder/s0_OH__u0.5.out,scf,1,1,True,2,0.00082975,EXPLORED
probe/Co_uladder/s0_OH__u1.35.out,scf,1,1,True,2,0.00196184,EXPLORED
probe/Co_uladder/s0_O__base.out,scf,1,1,True,1,1.053e-05,ON_PLANE
probe/Co_uladder/s0_O__u0.0.out,scf,1,1,True,1,3.301e-05,ON_PLANE
probe/Co_uladder/s0_O__u0.5.out,scf,1,1,True,1,2.423e-05,ON_PLANE
probe/Co_uladder/s0_O__u1.35.out,scf,1,1,True,1,0.00012339,EXPLORED
probe/Co_uladder/slab__base.out,scf,1,1,True,0,,
probe/Co_uladder/slab__u0.0.out,scf,1,1,True,0,,
probe/Co_uladder/slab__u0.5.out,scf,1,1,True,0,,
probe/Co_uladder/slab__u1.35.out,scf,1,1,True,0,,
probe/Cr/s0_OH__base.out,scf,1,2,False,2,0.0,LOCKED
probe/Cr/s0_OH__u0.0.out,scf,1,2,False,2,0.0,LOCKED
probe/Cr/s0_OH__u0.5.out,scf,1,2,False,2,0.0,LOCKED
probe/Cr/s0_OH__u1.35.out,scf,1,2,False,2,0.0,LOCKED
probe/Cr/s0_OOH__base.out,scf,1,2,False,3,0.0,LOCKED
probe/Cr/s0_OOH__u0.0.out,scf,2,2,False,3,0.0,LOCKED
probe/Cr/s0_OOH__u0.5.out,scf,1,2,False,3,0.0,LOCKED
probe/Cr/s0_OOH__u1.35.out,scf,1,2,False,3,0.0,LOCKED
probe/Cr/s0_O__base.out,scf,1,4,False,1,0.0,LOCKED
probe/Cr/s0_O__u0.0.out,scf,1,4,False,1,0.0,LOCKED
probe/Cr/s0_O__u0.5.out,scf,1,4,False,1,0.0,LOCKED
probe/Cr/s0_O__u1.35.out,scf,1,4,False,1,0.0,LOCKED
probe/Cr/slab__base.out,scf,1,1,True,0,,
probe/Cr/slab__u0.0.out,scf,1,1,True,0,,
probe/Cr/slab__u0.5.out,scf,1,1,True,0,,
probe/Cr/slab__u1.35.out,scf,1,1,True,0,,
probe/Cr_basin/s0_OOH.out,relax,4,2,False,3,0.0,LOCKED
probe/Fe_audit/s0_OH__base.out,scf,1,1,True,2,5.742e-05,ON_PLANE
probe/Fe_audit/s0_OOH__base.out,scf,1,1,True,3,2.434e-05,ON_PLANE
probe/Fe_audit/s0_O__base.out,scf,1,1,True,1,2.44e-06,ON_PLANE
probe/Fe_audit/slab__base.out,scf,1,1,True,0,,
probe/Ir/s0_OH__base.out,scf,1,2,False,2,0.0,LOCKED
probe/Ir/s0_OH__dipole+vac32.out,scf,0,,False,,,
probe/Ir/s0_OH__dipole.out,scf,1,1,False,2,3.2e-07,ON_PLANE
probe/Ir/s0_OH__vac32.out,scf,1,2,False,2,0.0,LOCKED
probe/Ir/s0_OOH__base.out,scf,1,2,False,3,0.0,LOCKED
probe/Ir/s0_OOH__dipole+vac32.out,scf,0,,False,,,
probe/Ir/s0_OOH__dipole.out,scf,1,1,False,3,9e-08,ON_PLANE
probe/Ir/s0_OOH__vac32.out,scf,1,2,False,3,0.0,LOCKED
probe/Ir/s0_O__base.out,scf,1,4,False,1,0.0,LOCKED
probe/Ir/s0_O__dipole+vac32.out,scf,0,,False,,,
probe/Ir/s0_O__dipole.out,scf,1,1,False,1,2.5e-07,ON_PLANE
probe/Ir/s0_O__vac32.out,scf,1,4,False,1,0.0,LOCKED
probe/Ir/slab__base.out,scf,1,1,True,0,,
probe/Ir/slab__dipole+vac32.out,scf,0,,True,,,
probe/Ir/slab__dipole.out,scf,1,1,True,0,,
probe/Ir/slab__vac32.out,scf,1,1,True,0,,
probe/Ir_orient/s0_OOH__yaw270.out,relax,3,1,True,3,0.08350994,EXPLORED
probe/Ir_orient/s0_OOH__yaw90.out,relax,54,1,True,3,0.08368152,EXPLORED
probe/Ir_rpbe/H2O__rpbe.out,scf,1,4,False,0,,
probe/Ir_rpbe/H2__rpbe.out,scf,1,16,False,0,,
probe/Ir_rpbe/s0_OH__base.out,scf,1,2,False,2,0.0,LOCKED
probe/Ir_rpbe/s0_OH__rpbe.out,scf,1,2,False,2,0.0,LOCKED
probe/Ir_rpbe/s0_OOH__base.out,scf,1,2,False,3,0.0,LOCKED
probe/Ir_rpbe/s0_OOH__rpbe.out,scf,1,2,False,3,0.0,LOCKED
probe/Ir_rpbe/s0_O__base.out,scf,1,4,False,1,0.0,LOCKED
probe/Ir_rpbe/s0_O__rpbe.out,scf,1,4,False,1,0.0,LOCKED
probe/Ir_rpbe/slab__base.out,scf,1,1,True,0,,
probe/Ir_rpbe/slab__rpbe.out,scf,1,1,True,0,,
probe/Ir_spin/s0_OH__base.out,scf,1,2,False,2,0.0,LOCKED
probe/Ir_spin/s0_OH__spin0.5.out,scf,1,2,False,2,0.0,LOCKED
probe/Ir_spin/s0_OOH__base.out,scf,1,2,False,3,0.0,LOCKED
probe/Ir_spin/s0_OOH__spin0.5.out,scf,1,2,False,3,0.0,LOCKED
probe/Ir_spin/s0_O__base.out,scf,1,4,False,1,0.0,LOCKED
probe/Ir_spin/s0_O__spin0.5.out,scf,1,4,False,1,0.0,LOCKED
probe/Ir_spin/slab__base.out,scf,1,1,True,0,,
probe/Ir_spin/slab__spin0.5.out,scf,1,1,True,0,,
probe/Mn_audit/s0_OH__base.out,scf,1,1,True,2,0.00039779,EXPLORED
probe/Mn_audit/s0_OOH__base.out,scf,1,1,True,3,0.00112774,EXPLORED
probe/Mn_audit/s0_O__base.out,scf,1,1,True,1,6e-08,ON_PLANE
probe/Mn_audit/slab__base.out,scf,1,1,True,0,,
probe/Ni_audit/s0_OH__base.out,scf,1,1,True,2,3.3e-07,ON_PLANE
probe/Ni_audit/s0_O__base.out,scf,1,1,True,1,6e-08,ON_PLANE
probe/Ni_audit/slab__base.out,scf,1,1,True,0,,
probe/Ni_basin/s0_OH.out,relax,5,1,True,2,1.8e-07,ON_PLANE
probe/Ru/s0_OH__base.out,scf,1,2,False,2,0.0,LOCKED
probe/Ru/s0_OH__dipole+vac32.out,scf,0,,False,,,
probe/Ru/s0_OH__dipole.out,scf,1,1,False,2,1.8e-07,ON_PLANE
probe/Ru/s0_OH__vac32.out,scf,1,2,False,2,0.0,LOCKED
probe/Ru/s0_OOH__base.out,scf,1,2,False,3,0.0,LOCKED
probe/Ru/s0_OOH__dipole+vac32.out,scf,0,,False,,,
probe/Ru/s0_OOH__dipole.out,scf,1,1,False,3,3.5e-07,ON_PLANE
probe/Ru/s0_OOH__vac32.out,scf,1,2,False,3,0.0,LOCKED
probe/Ru/s0_O__base.out,scf,1,4,False,1,0.0,LOCKED
probe/Ru/s0_O__dipole+vac32.out,scf,0,,False,,,
probe/Ru/s0_O__dipole.out,scf,1,1,False,1,3e-08,ON_PLANE
probe/Ru/s0_O__vac32.out,scf,1,4,False,1,0.0,LOCKED
probe/Ru/slab__base.out,scf,1,1,True,0,,
probe/Ru/slab__dipole+vac32.out,scf,0,,True,,,
probe/Ru/slab__dipole.out,scf,1,1,True,0,,
probe/Ru/slab__vac32.out,scf,1,1,True,0,,
probe/Ru_orient/s0_OOH__yaw270.out,relax,4,1,True,3,0.04707003,EXPLORED
probe/Ru_orient/s0_OOH__yaw90.out,relax,23,1,True,3,0.04705619,EXPLORED
probe/Ru_rpbe/H2O__rpbe.out,scf,1,4,False,0,,
probe/Ru_rpbe/H2__rpbe.out,scf,1,16,False,0,,
probe/Ru_rpbe/s0_OH__base.out,scf,1,2,False,2,0.0,LOCKED
probe/Ru_rpbe/s0_OH__rpbe.out,scf,1,2,False,2,0.0,LOCKED
probe/Ru_rpbe/s0_OOH__base.out,scf,1,2,False,3,0.0,LOCKED
probe/Ru_rpbe/s0_OOH__rpbe.out,scf,1,2,False,3,0.0,LOCKED
probe/Ru_rpbe/s0_O__base.out,scf,1,4,False,1,0.0,LOCKED
probe/Ru_rpbe/s0_O__rpbe.out,scf,1,4,False,1,0.0,LOCKED
probe/Ru_rpbe/slab__base.out,scf,1,1,True,0,,
probe/Ru_rpbe/slab__rpbe.out,scf,1,1,True,0,,
probe/Ru_spin/s0_OH__base.out,scf,1,2,False,2,0.0,LOCKED
probe/Ru_spin/s0_OH__spin0.5.out,scf,1,2,False,2,,
probe/Ru_spin/s0_OOH__base.out,scf,1,2,False,3,0.0,LOCKED
probe/Ru_spin/s0_OOH__spin0.5.out,scf,1,2,False,3,0.0,LOCKED
probe/Ru_spin/s0_O__base.out,scf,1,4,False,1,0.0,LOCKED
probe/Ru_spin/s0_O__spin0.5.out,scf,1,4,False,1,0.0,LOCKED
probe/Ru_spin/slab__base.out,scf,1,1,True,0,,
probe/Ru_spin/slab__spin0.5.out,scf,1,1,True,0,,
Ru_anchor/H2.out,relax,3,16,False,0,,
Ru_anchor/H2O.out,relax,4,4,False,0,,
Ru_anchor/s0_O.out,relax,27,4,False,1,0.0,LOCKED
Ru_anchor/s0_OH.out,relax,33,2,False,2,0.0,LOCKED
Ru_anchor/s0_OOH.out,relax,68,2,False,3,0.0,LOCKED
Ru_anchor/slab.out,relax,12,1,True,0,,
