screen_id,lane,p1,p2,p1_verified,p2_verified
R0005,AGREED,EXCLUDE:E5,EXCLUDE:E5,True,True
R0082,THIRD_READ,EXCLUDE:E6,ELIGIBLE,True,False
R0085,THIRD_READ,UNRESOLVED,UNRESOLVED,True,True
R0101,THIRD_READ,ELIGIBLE,ELIGIBLE,False,True
R0124,AGREED,EXCLUDE:E6,EXCLUDE:E6,True,True
R0138,AGREED,EXCLUDE:E6,EXCLUDE:E6,True,True
S01741,AGREED,EXCLUDE:E3,EXCLUDE:E3,True,True
S02105,THIRD_READ,ELIGIBLE,ELIGIBLE,True,False
S02706,THIRD_READ,ELIGIBLE,ELIGIBLE,False,True
S02708,THIRD_READ,EXCLUDE:E6,EXCLUDE:E3,False,True
S03698,AGREED,EXCLUDE:E6,EXCLUDE:E6,True,True
S03937,THIRD_READ,EXCLUDE:E6,EXCLUDE:E6,False,True
S04115,AGREED,EXCLUDE:E6,EXCLUDE:E6,True,True
S04767,AGREED,EXCLUDE:E6,EXCLUDE:E6,True,True
S04912,AGREED,EXCLUDE:E4,EXCLUDE:E4,True,True
S05004,THIRD_READ,EXCLUDE:E3,EXCLUDE:E6,True,True
S05480,AGREED,EXCLUDE:E6,EXCLUDE:E6,True,True
S05777,AGREED,EXCLUDE:E6,EXCLUDE:E6,True,True
S05915,AGREED,EXCLUDE:E6,EXCLUDE:E6,True,True
S06294,AGREED,EXCLUDE:E6,EXCLUDE:E6,True,True
S06358,AGREED,EXCLUDE:E3,EXCLUDE:E3,True,True
S06441,THIRD_READ,EXCLUDE:E6,EXCLUDE:E6,False,True
S06823,THIRD_READ,UNRESOLVED,UNRESOLVED,True,True
S06998,THIRD_READ,UNRESOLVED,ELIGIBLE,True,False
S07544,THIRD_READ,ELIGIBLE,ELIGIBLE,False,False
S07991,AGREED,EXCLUDE:E6,EXCLUDE:E6,True,True
S08129,THIRD_READ,NEEDS_SI,ELIGIBLE,True,True
S08596,THIRD_READ,ELIGIBLE,UNRESOLVED,False,True
S08618,THIRD_READ,ELIGIBLE,ELIGIBLE,True,False
S08829,AGREED,ELIGIBLE,ELIGIBLE,True,True
S09470,THIRD_READ,UNRESOLVED,UNRESOLVED,True,True
S09714,THIRD_READ,UNRESOLVED,EXCLUDE:E5,True,True
S10076,THIRD_READ,ELIGIBLE,ELIGIBLE,False,False
S10125,AGREED,EXCLUDE:E4,EXCLUDE:E4,True,True
S10906,THIRD_READ,UNRESOLVED,UNRESOLVED,True,True
S13010,THIRD_READ,EXCLUDE:E6,EXCLUDE:E6,True,False
S13086,THIRD_READ,UNRESOLVED,UNRESOLVED,True,True
S13419,THIRD_READ,ELIGIBLE,ELIGIBLE,False,False
S14164,THIRD_READ,EXCLUDE:E6,UNRESOLVED,False,True
S14387,AGREED,EXCLUDE:E6,EXCLUDE:E6,True,True
S14755,THIRD_READ,EXCLUDE:E5,NEEDS_SI,True,True
S14778,THIRD_READ,UNRESOLVED,UNRESOLVED,True,True
S15236,THIRD_READ,UNRESOLVED,UNRESOLVED,True,True
S15768,THIRD_READ,ELIGIBLE,ELIGIBLE,False,False
S16105,AGREED,ELIGIBLE,ELIGIBLE,True,True
S16271,THIRD_READ,UNRESOLVED,UNRESOLVED,True,True
S16323,THIRD_READ,ELIGIBLE,EXCLUDE:E6,True,True
S16731,THIRD_READ,ELIGIBLE,UNRESOLVED,False,True
S16822,AGREED,EXCLUDE:E5,EXCLUDE:E5,True,True
S16872,AGREED,EXCLUDE:E6,EXCLUDE:E6,True,True
S17129,THIRD_READ,UNRESOLVED,EXCLUDE:E6,True,False
S17871,THIRD_READ,ELIGIBLE,ELIGIBLE,True,False
S17946,AGREED,EXCLUDE:E5,EXCLUDE:E5,True,True
S18369,THIRD_READ,ELIGIBLE,UNRESOLVED,True,True
S18485,AGREED,EXCLUDE:E4,EXCLUDE:E4,True,True
S18534,THIRD_READ,EXCLUDE:E6,UNRESOLVED,True,True
S18934,NEEDS_SI,NEEDS_SI,NEEDS_SI,True,True
S18943,AGREED,ELIGIBLE,ELIGIBLE,True,True
S19121,AGREED,EXCLUDE:E6,EXCLUDE:E6,True,True
S19134,THIRD_READ,EXCLUDE:E6,EXCLUDE:E6,True,False
S19174,AGREED,EXCLUDE:E6,EXCLUDE:E6,True,True
S19368,AGREED,EXCLUDE:E6,EXCLUDE:E6,True,True
S19847,THIRD_READ,NEEDS_SI,UNRESOLVED,True,True
S19909,THIRD_READ,ELIGIBLE,NEEDS_SI,False,True
S20174,AGREED,EXCLUDE:E4,EXCLUDE:E4,True,True
S20248,AGREED,EXCLUDE:E6,EXCLUDE:E6,True,True
S20680,THIRD_READ,UNRESOLVED,UNRESOLVED,True,True
S20985,AGREED,EXCLUDE:E6,EXCLUDE:E6,True,True
S21070,THIRD_READ,NEEDS_SI,UNRESOLVED,True,True
S21140,THIRD_READ,UNRESOLVED,UNRESOLVED,True,True
S21183,AGREED,EXCLUDE:E6,EXCLUDE:E6,True,True
S21341,NEEDS_SI,NEEDS_SI,NEEDS_SI,True,True
S21395,THIRD_READ,UNRESOLVED,ELIGIBLE,True,False
S21464,THIRD_READ,ELIGIBLE,ELIGIBLE,False,False
S21660,THIRD_READ,EXCLUDE:E6,EXCLUDE:E6,True,False
S21908,THIRD_READ,UNRESOLVED,UNRESOLVED,True,True
S22110,THIRD_READ,EXCLUDE:E6,UNRESOLVED,True,True
S22122,THIRD_READ,ELIGIBLE,ELIGIBLE,True,False
S22179,THIRD_READ,EXCLUDE:E6,EXCLUDE:E6,True,False
S22193,AGREED,EXCLUDE:E6,EXCLUDE:E6,True,True
S22236,AGREED,ELIGIBLE,ELIGIBLE,True,True
S22530,THIRD_READ,EXCLUDE:E6,ELIGIBLE,True,True
S22712,THIRD_READ,UNRESOLVED,UNRESOLVED,True,True
S22730,THIRD_READ,EXCLUDE:E6,ELIGIBLE,True,False
S22923,AGREED,ELIGIBLE,ELIGIBLE,True,True
S22954,THIRD_READ,ELIGIBLE,ELIGIBLE,True,False
S23169,NEEDS_SI,NEEDS_SI,NEEDS_SI,True,True
S23639,THIRD_READ,EXCLUDE:E6,UNRESOLVED,True,True
S23696,THIRD_READ,UNRESOLVED,EXCLUDE:E6,True,True
S24131,AGREED,EXCLUDE:E6,EXCLUDE:E6,True,True
S24136,THIRD_READ,UNRESOLVED,UNRESOLVED,True,True
S24149,AGREED,EXCLUDE:E6,EXCLUDE:E6,True,True
S24165,THIRD_READ,UNRESOLVED,UNRESOLVED,True,True
S24686,THIRD_READ,EXCLUDE:E4,EXCLUDE:E4,False,True
S24698,AGREED,EXCLUDE:E4,EXCLUDE:E4,True,True
S24712,AGREED,EXCLUDE:E5,EXCLUDE:E5,True,True
S24771,THIRD_READ,EXCLUDE:E6,UNRESOLVED,True,True
S24855,THIRD_READ,EXCLUDE:E6,EXCLUDE:E6,True,False
S25113,THIRD_READ,UNRESOLVED,UNRESOLVED,True,True
S25122,AGREED,EXCLUDE:E6,EXCLUDE:E6,True,True
S25141,AGREED,EXCLUDE:E4,EXCLUDE:E4,True,True
S25208,THIRD_READ,EXCLUDE:E6,UNRESOLVED,True,True
S25284,THIRD_READ,UNRESOLVED,EXCLUDE:E6,True,True
S25488,THIRD_READ,EXCLUDE:E5,UNRESOLVED,True,True
S25616,AGREED,EXCLUDE:E6,EXCLUDE:E6,True,True
S25694,AGREED,EXCLUDE:E4,EXCLUDE:E4,True,True
S25786,THIRD_READ,UNRESOLVED,ELIGIBLE,True,False
S25827,AGREED,EXCLUDE:E6,EXCLUDE:E6,True,True
S25856,THIRD_READ,UNRESOLVED,EXCLUDE:E6,True,True
S26065,THIRD_READ,EXCLUDE:E6,EXCLUDE:E6,False,True
S26089,NEEDS_SI,NEEDS_SI,NEEDS_SI,True,True
S26195,AGREED,EXCLUDE:E6,EXCLUDE:E6,True,True
S26244,THIRD_READ,UNRESOLVED,EXCLUDE:E6,True,True
S26256,THIRD_READ,UNRESOLVED,UNRESOLVED,True,True
S26340,THIRD_READ,UNRESOLVED,EXCLUDE:E4,True,False
S26411,THIRD_READ,ELIGIBLE,UNRESOLVED,True,True
S26474,THIRD_READ,UNRESOLVED,UNRESOLVED,True,True
S26484,AGREED,EXCLUDE:E3,EXCLUDE:E3,True,True
S26503,THIRD_READ,UNRESOLVED,EXCLUDE:E4,True,True
S26540,AGREED,EXCLUDE:E6,EXCLUDE:E6,True,True
S26608,AGREED,EXCLUDE:E6,EXCLUDE:E6,True,True
S26669,THIRD_READ,EXCLUDE:E4,EXCLUDE:E4,False,True
S26703,NEEDS_SI,NEEDS_SI,NEEDS_SI,True,True
S26715,AGREED,EXCLUDE:E6,EXCLUDE:E6,True,True
S26726,THIRD_READ,EXCLUDE:E6,UNRESOLVED,True,True
S26818,THIRD_READ,ELIGIBLE,ELIGIBLE,True,False
S26868,THIRD_READ,ELIGIBLE,EXCLUDE:E6,False,False
S26952,THIRD_READ,UNRESOLVED,UNRESOLVED,True,True
S26991,AGREED,EXCLUDE:E6,EXCLUDE:E6,True,True
S27052,AGREED,EXCLUDE:E4,EXCLUDE:E4,True,True
S27224,THIRD_READ,UNRESOLVED,UNRESOLVED,True,True
S27243,THIRD_READ,UNRESOLVED,UNRESOLVED,True,True
S27279,THIRD_READ,ELIGIBLE,EXCLUDE:E6,False,True
S27476,NEEDS_SI,NEEDS_SI,NEEDS_SI,True,True
S27609,THIRD_READ,UNRESOLVED,UNRESOLVED,True,True
S27700,THIRD_READ,EXCLUDE:E6,UNRESOLVED,True,True
S28092,THIRD_READ,ELIGIBLE,UNRESOLVED,False,True
S28289,THIRD_READ,EXCLUDE:E6,UNRESOLVED,True,True
S28327,THIRD_READ,EXCLUDE:E5,UNRESOLVED,False,True
S28329,THIRD_READ,UNRESOLVED,UNRESOLVED,True,True
S28435,THIRD_READ,UNRESOLVED,UNRESOLVED,True,True
S28679,THIRD_READ,UNRESOLVED,UNRESOLVED,True,True
S28803,AGREED,EXCLUDE:E6,EXCLUDE:E6,True,True
S28806,AGREED,EXCLUDE:E6,EXCLUDE:E6,True,True
S28903,THIRD_READ,UNRESOLVED,UNRESOLVED,True,True
S28907,AGREED,EXCLUDE:E4,EXCLUDE:E4,True,True
S28950,AGREED,EXCLUDE:E4,EXCLUDE:E4,True,True
S29044,THIRD_READ,UNRESOLVED,UNRESOLVED,True,True
S29195,THIRD_READ,UNRESOLVED,UNRESOLVED,True,True
S29537,THIRD_READ,UNRESOLVED,EXCLUDE:E6,True,True
S29556,THIRD_READ,EXCLUDE:E6,EXCLUDE:E6,False,True
S29929,THIRD_READ,ELIGIBLE,ELIGIBLE,False,False
S29934,THIRD_READ,EXCLUDE:E6,EXCLUDE:E6,False,True
S30004,THIRD_READ,UNRESOLVED,UNRESOLVED,True,True
S30039,THIRD_READ,UNRESOLVED,UNRESOLVED,True,True
S30061,THIRD_READ,UNRESOLVED,UNRESOLVED,True,True
S30138,AGREED,EXCLUDE:E6,EXCLUDE:E6,True,True
S30366,AGREED,EXCLUDE:E6,EXCLUDE:E6,True,True
S30435,AGREED,EXCLUDE:E6,EXCLUDE:E6,True,True
S30564,THIRD_READ,ELIGIBLE,ELIGIBLE,False,False
S30575,THIRD_READ,NEEDS_SI,ELIGIBLE,True,True
S30619,THIRD_READ,EXCLUDE:E6,UNRESOLVED,True,True
S30652,AGREED,EXCLUDE:E6,EXCLUDE:E6,True,True
S30812,THIRD_READ,UNRESOLVED,UNRESOLVED,True,True
S30828,AGREED,ELIGIBLE,ELIGIBLE,True,True
S30868,THIRD_READ,UNRESOLVED,UNRESOLVED,True,True
S31014,THIRD_READ,UNRESOLVED,UNRESOLVED,True,True
S31145,THIRD_READ,UNRESOLVED,UNRESOLVED,True,True
