key,item,identity,rutile_type,records,source,lookup,confidence,supplied_to_reads
C01,"PDF/JCPDS 40-1290 (040-1290, 00-040-1290)","RuO2, rutile-type, tetragonal, P4_2/mnm (No. 136)",yes,S08129;S14755;S18934;S21341;S23169;S24136;S24712;S25856;S26703;S28435,https://www.crystallography.net/cod/1000058.html | https://legacy.materialsproject.org/materials/mp-825/ | https://doi.org/10.1039/d0ta03213a | https://doi.org/10.1039/d0ra04337k,two agree,high,yes
C02,PDF 43-1019,"IrO2, rutile-type, tetragonal, P4_2/mnm (No. 136)",yes,S26089;S30575,https://www.crystallography.net/cod/2101854.cif | https://www.crystallography.net/cod/1548817.html | https://legacy.materialsproject.org/materials/mp-2723/ | https://doi.org/10.1039/d0ra04337k,two agree,high,yes
C03,PDF/JCPDS 88-0286 (01-088-0286),"RuO2, rutile-type, tetragonal, P4_2/mnm (No. 136)",yes,S21070;S21660;S26503,https://www.crystallography.net/cod/1000058.html | https://legacy.materialsproject.org/materials/mp-825/ | https://doi.org/10.1038/s41467-023-43977-7 | https://doi.org/10.1038/s41467-023-43977-7,two agree,high,yes
C04,JCPDS 88-0322,"RuO2, rutile-type, tetragonal, P4_2/mnm (No. 136)",yes,S19847,https://www.crystallography.net/cod/1000058.html | https://legacy.materialsproject.org/materials/mp-825/ | https://doi.org/10.3389/fenrg.2020.571704 | https://www.materialsciencejournal.org/vol13no1/study-of-ruthenium-oxide-manganese-oxide-and-composite-rumno2-thin-film-electrodes-assembled-by-layer-by-layer-spin-coating-method/,two agree,high,yes
C05,PDF 88-2348,"Sn0.918Sb0.109O2, an Sb-substituted SnO2 solid solution, rutile-type (cassiterite), P4_2/mnm (No. 136)",yes,S19909,https://legacy.materialsproject.org/materials/mp-856/ | https://www.crystallography.net/cod/9009082.html | https://www.crystallography.net/cod/4000505.html | https://doi.org/10.1073/pnas.2306835120 (full text via Europe PMC PMC10410748),two agree,high,yes
C06,PDF 88-0233,"not established: sources conflict. The one source that shows the card's own pattern labels it (Zr6.86Mg0.14)O11.28N1.72, a zirconium oxynitride; one paper attaches the number to fcc Ru metal; only the paper under review calls it RuO2. No source establishes it as rutile RuO2",unresolved,S30868,https://www.crystallography.net/cod/1000058.cif | https://doi.org/10.20944/preprints202608.1452.v1 | https://doi.org/10.1016/S1872-2067(24)60055-0 | https://farabi.university/storage/files/201849926267c9839ed1603235291663_%D0%94%D0%B8%D1%81%D1%81%D0%B5%D1%80%D1%82%D0%B0%D1%86%D0%B8%D1%8F_%D0%91%D0%B5%D0%BA%D0%BC%D1%83%D0%BB%D0%B4%D0%B8%D0%BD_%D0%9A%D0%B0%D0%B7%D0%9D%D0%A3.pdf,third,medium,yes
C07,JCPDS 73-1469,"RuO2, rutile-type, tetragonal, P4_2/mnm (No. 136)",yes,S15768;S27476,"https://www.crystallography.net/cod/1000058.cif | https://www.crystallography.net/cod/9007541.cif | https://legacy.materialsproject.org/materials/mp-825/ | https://www.osti.gov/servlets/purl/1047995 (DOI 10.2172/1047995; Crum, Rodriguez, McCloy, Vienna, Chung, PNNL-21471 Glass Ceramic Formulation Data Package, 2012, Fig. 6 phase-ID legend)",two agree,high,yes
C08,JCPDS 70-2662,"RuO2, rutile-type, tetragonal, P4_2/mnm (No. 136)",yes,S17871,https://www.crystallography.net/cod/1000058.cif | https://www.crystallography.net/cod/9007541.cif | https://doi.org/10.1039/d3sc06705j | https://doi.org/10.1002/anie.8887957,two agree,high,yes
C09,JCPDS-ICDD 18-1139,"RuO2, rutile-type, tetragonal, P4_2/mnm (No. 136)",yes,S17946,https://www.crystallography.net/cod/2101930.html | https://www.crystallography.net/cod/result?formula=O2%20Ru&format=csv | https://doi.org/10.1007/s40145-021-0486-x | https://doi.org/10.1007/s40145-021-0486-x,two agree,high,yes
C10,PDF/ICCD 21-1172 (00-021-1172),"RuO2, rutile-type, tetragonal, P4_2/mnm (No. 136)",yes,S22122;S24771,https://www.crystallography.net/cod/1000058.html | https://www.crystallography.net/cod/2101930.html | https://legacy.materialsproject.org/materials/mp-825/ | https://doi.org/10.1021/acsomega.3c00538,two agree,high,yes
C11,PDF 70-3132,"VO2, the monoclinic VO2(M) polymorph (P2_1/c, No. 14), a distorted rutile; not P4_2/mnm",no,S21140,https://www.crystallography.net/cod/9009089.html | https://www.crystallography.net/cod/3000344.html | https://www.crystallography.net/cod/1539951.html | https://doi.org/10.1039/c7ra03239k,two agree,medium,yes
C12,PDF 96-210-1931 (= COD 2101931),"RuO2, the high-pressure CaCl2-type polymorph, orthorhombic Pnnm (No. 58), refined at 5.3 GPa; not rutile-type (the ambient rutile-type RuO2 of the same study is COD 2101930)",no,S23339;S25141,https://www.crystallography.net/cod/2101931.cif | https://www.crystallography.net/cod/2101931.html | https://www.crystallography.net/cod/2101930.cif | https://doi.org/10.1107/S0108768197008094,two agree,high,yes
C13,JCPDS 44-0141,"alpha-MnO2, hollandite-type (2x2 tunnels), tetragonal I4/m (No. 87); not rutile-type",no,R0005,https://www.crystallography.net/cod/9016667.cif | https://www.crystallography.net/cod/2311065.cif | https://doi.org/10.3762/bjnano.8.104 | https://doi.org/10.1038/srep17858,two agree,high,yes
C14,JCPDS 37-0517,"alpha-PbO2 (scrutinyite type), orthorhombic Pbcn (No. 60); not rutile-type (rutile beta-PbO2 is card 41-1492)",no,S24686,https://www.crystallography.net/cod/9009091.html (also COD CSV query result?text=scrutinyite) | https://www.crystallography.net/cod/9011216.html | https://www.handbookofmineralogy.org/pdfs/scrutinyite.pdf | https://www.handbookofmineralogy.org/pdfs/plattnerite.pdf,two agree,high,yes
C15,JCPDS 33-0664,"alpha-Fe2O3 (hematite), corundum-type, R-3c (No. 167); not rutile-type",no,S29500,https://www.crystallography.net/cod/9000139.cif | https://doi.org/10.3390/nano14161330 | https://doi.org/10.3389/fmicb.2026.1871774 | https://doi.org/10.1007/s10534-026-00860-4,two agree,high,yes
C16,Materials Project mp-753512,"TiWO4, a computed cation-ordered rutile-derived superstructure, monoclinic P2/m (No. 10); not P4_2/mnm",no,S21908,"https://api.materialsproject.org/materials/summary/?material_ids=mp-753512 (Materials Project API, database version queried 2026-09-28; requires API key) | https://optimade.materialsproject.org/v1/structures/mp-753512 | https://doi.org/10.1021/jacs.3c13491",two agree,high,yes
P17,BiVO4,"BiVO4: monoclinic scheelite (clinobisvanite, I2/b); its other polymorphs are tetragonal scheelite (I4_1/a), zircon-type (I4_1/amd) and orthorhombic (Pnca); none is rutile-type",no,S04912,https://www.crystallography.net/cod/9013437.cif | https://webmineral.com/data/Clinobisvanite.shtml | https://www.crystallography.net/cod/9012062.cif | https://www.crystallography.net/cod/9011741.cif,two agree,high,yes
P18,indium oxide In2O3; ITO (Sn-doped In2O3),"cubic bixbyite, Ia-3 (No. 206); not rutile-type",no,S10125;S18485,https://www.crystallography.net/cod/2310009.html | https://www.crystallography.net/cod/1538147.html | https://www.crystallography.net/cod/result.php?formula=In2%20O3 | https://optimade.materialsproject.org/v1/structures/mp-22598,two agree,high,yes
P19,Mn3O4,"hausmannite, a tetragonal spinel, I4_1/amd (No. 141); not rutile-type",no,S24698,https://www.crystallography.net/cod/1514115.html | https://www.crystallography.net/cod/1514121.html | https://www.crystallography.net/cod/1011262.html | http://webmineral.com/data/Hausmannite.shtml,two agree,high,yes
P20,gamma-MnO2,"nsutite, a disordered intergrowth of ramsdellite and pyrolusite with no single space group; not the rutile-type MnO2 (that is beta-MnO2, pyrolusite)",no,S25694,https://www.crystallography.net/cod/1514239.html | https://www.crystallography.net/cod/8103498.html | https://www.crystallography.net/cod/2105790.html | https://www.handbookofmineralogy.org/pdfs/nsutite.pdf,two agree,high,yes
P21,"hollandite (hollandite IrO2, K0.25IrO2, K0.25RuO2)","hollandite-type (2x2 tunnels), tetragonal I4/m (No. 87); not rutile-type",no,S28907;S28950,https://www.crystallography.net/cod/4338122.html | https://www.crystallography.net/cod/1004080.html | https://optimade.materialsproject.org/v1/structures/mp-1103777 | https://optimade.materialsproject.org/v1/structures/mp-30546,two agree,high,yes
P22,WO2,"tungsten dioxide, monoclinic P2_1/c (No. 14), a distorted rutile of the MoO2 type; not P4_2/mnm",no,S27243,https://www.crystallography.net/cod/1548686.html (CIF: https://www.crystallography.net/cod/1548686.cif; paper DOI 10.1071/ch9951473) | https://www.crystallography.net/cod/5910153.html (CIF: https://www.crystallography.net/cod/5910153.cif) | https://optimade.materialsproject.org/v1/structures/mp-19372 | https://doi.org/10.1071/ch9951473,two agree,high,yes
C26,PDF 07-0169; CoOOH,"beta-CoOOH (heterogenite-3R), a layered trigonal phase, R-3m (No. 166); not rutile-type",no,S20174,https://www.crystallography.net/cod/9009884.cif | https://www.crystallography.net/cod/result.php?formula=Co%20H%20O2 | https://doi.org/10.1038/s41467-022-30148-3 | https://doi.org/10.1038/s41467-026-74386-1,two agree,high,yes
S23,Raman Eg/A1g/B2g modes of RuO2,the Raman-active modes of rutile RuO2 (P4_2/mnm); the same labels are reported for hydrous and amorphous RuO2,yes,S30004,https://www.crystallography.net/cod/2101930.html | https://www.crystallography.net/cod/result?formula=O2%20Ru&format=csv | https://optimade.materialsproject.org/v1/structures/mp-825 | https://arxiv.org/abs/2502.08872,two agree,medium,"no: a Raman mode set is not a card, phase name or database entry; the entrant's ruling on triage Q9 decides whether it is checked like one"
S24,HRTEM 0.257/0.321 nm indexed (101)/(110),spacings consistent with rutile RuO2/IrO2 but not specific to it,unresolved,S30285,https://www.crystallography.net/cod/2101930.cif | https://www.crystallography.net/cod/2101854.cif | https://www.crystallography.net/cod/2101931.cif | https://www.crystallography.net/cod/2106382.cif,third,medium,no: triage Q9 (indexed values without a phase name)
S25,"IrO2 cell a = b = 4.505 A, c = 3.176 A",matches the computed cell of rutile IrO2 (Materials Project mp-2723); a cell alone gives no atomic arrangement,yes,S30334,"https://optimade.materialsproject.org/v1/structures/mp-2723 | https://www.crystallography.net/cod/2101854.cif | https://www.crystallography.net/cod/result.php?formula=Ir%20O2 | https://optimade.materialsproject.org/v1/structures?filter=chemical_formula_reduced=""IrO2""",third,medium,no: triage Q3 (stated cell and arrangement)
