composition_x_author,dG_OH_eV,dG_OHtwist_eV,dG_O_Hb_eV,dG_O_eV,dG_OOH_eV,dG_O2_Hb_eV,max_dGi_author_eV,cus_element_author,surface_number_author,screen_id,original_table,original_table_row,potential_reference_author,quantity_route,eta_derived,source_si_sha256
0.00 / RuO2(110),1.00,0.99,0.84,1.85,3.95,3.70,1.84,Ru,,S29447,S3,2,U=0V vs RHE,author_assigned_limiting_potential,false,6f7cf67cfde085767a3ec540ae3d7df882c120611aa04df083e9a14e1bbbeb4b
0.29,1.02,0.88,0.82,1.87,4.02,3.67,1.80,Ru,0,S29447,S3,3,U=0V vs RHE,author_assigned_limiting_potential,false,6f7cf67cfde085767a3ec540ae3d7df882c120611aa04df083e9a14e1bbbeb4b
0.29,0.59,0.59,0.89,2.00,3.73,3.46,1.46,Ir,0,S29447,S3,4,U=0V vs RHE,author_assigned_limiting_potential,false,6f7cf67cfde085767a3ec540ae3d7df882c120611aa04df083e9a14e1bbbeb4b
0.29,0.54,0.58,0.91,2.01,3.81,3.48,1.48,Ir,0,S29447,S3,5,U=0V vs RHE,author_assigned_limiting_potential,false,6f7cf67cfde085767a3ec540ae3d7df882c120611aa04df083e9a14e1bbbeb4b
0.29,1.00,0.92,0.79,1.88,4.01,3.73,1.85,Ru,9,S29447,S3,6,U=0V vs RHE,author_assigned_limiting_potential,false,6f7cf67cfde085767a3ec540ae3d7df882c120611aa04df083e9a14e1bbbeb4b
0.29,0.61,0.56,0.72,1.88,3.67,3.34,1.58,Ir,9,S29447,S3,7,U=0V vs RHE,author_assigned_limiting_potential,false,6f7cf67cfde085767a3ec540ae3d7df882c120611aa04df083e9a14e1bbbeb4b
0.29,0.85,0.89,0.68,1.79,3.96,3.66,1.88,Ru,9,S29447,S3,8,U=0V vs RHE,author_assigned_limiting_potential,false,6f7cf67cfde085767a3ec540ae3d7df882c120611aa04df083e9a14e1bbbeb4b
0.38,0.76,0.76,0.53,1.68,3.78,3.44,1.76,Ru,10,S29447,S3,9,U=0V vs RHE,author_assigned_limiting_potential,false,6f7cf67cfde085767a3ec540ae3d7df882c120611aa04df083e9a14e1bbbeb4b
0.38,0.58,0.50,0.65,1.88,3.53,3.20,1.72,Ir,10,S29447,S3,10,U=0V vs RHE,author_assigned_limiting_potential,false,6f7cf67cfde085767a3ec540ae3d7df882c120611aa04df083e9a14e1bbbeb4b
0.38,0.70,0.73,0.48,1.60,3.75,3.42,1.82,Ru,10,S29447,S3,11,U=0V vs RHE,author_assigned_limiting_potential,false,6f7cf67cfde085767a3ec540ae3d7df882c120611aa04df083e9a14e1bbbeb4b
0.38,0.65,0.57,0.87,1.96,3.79,3.50,1.53,Ir,14,S29447,S3,12,U=0V vs RHE,author_assigned_limiting_potential,false,6f7cf67cfde085767a3ec540ae3d7df882c120611aa04df083e9a14e1bbbeb4b
0.38,0.91,0.88,0.59,1.74,3.50,3.50,1.76,Ru,14,S29447,S3,13,U=0V vs RHE,author_assigned_limiting_potential,false,6f7cf67cfde085767a3ec540ae3d7df882c120611aa04df083e9a14e1bbbeb4b
0.38,0.92,0.85,0.59,1.74,3.84,3.50,1.76,Ru,14,S29447,S3,14,U=0V vs RHE,author_assigned_limiting_potential,false,6f7cf67cfde085767a3ec540ae3d7df882c120611aa04df083e9a14e1bbbeb4b
0.42,0.93,0.90,0.65,1.82,3.87,3.53,1.71,Ru,3,S29447,S3,15,U=0V vs RHE,author_assigned_limiting_potential,false,6f7cf67cfde085767a3ec540ae3d7df882c120611aa04df083e9a14e1bbbeb4b
0.42,0.82,0.82,0.60,1.74,3.86,3.52,1.78,Ru,3,S29447,S3,16,U=0V vs RHE,author_assigned_limiting_potential,false,6f7cf67cfde085767a3ec540ae3d7df882c120611aa04df083e9a14e1bbbeb4b
0.42,0.61,0.55,0.68,1.92,3.58,3.25,1.67,Ir,3,S29447,S3,17,U=0V vs RHE,author_assigned_limiting_potential,false,6f7cf67cfde085767a3ec540ae3d7df882c120611aa04df083e9a14e1bbbeb4b
0.42,0.76,0.79,0.63,1.70,3.89,3.51,1.81,Ru,12,S29447,S3,18,U=0V vs RHE,author_assigned_limiting_potential,false,6f7cf67cfde085767a3ec540ae3d7df882c120611aa04df083e9a14e1bbbeb4b
0.42,0.76,0.76,0.64,1.70,3.89,3.52,1.81,Ru,12,S29447,S3,19,U=0V vs RHE,author_assigned_limiting_potential,false,6f7cf67cfde085767a3ec540ae3d7df882c120611aa04df083e9a14e1bbbeb4b
0.42,0.51,0.43,0.63,1.73,3.53,3.22,1.70,Ir,12,S29447,S3,20,U=0V vs RHE,author_assigned_limiting_potential,false,6f7cf67cfde085767a3ec540ae3d7df882c120611aa04df083e9a14e1bbbeb4b
0.46,0.96,0.80,0.69,1.79,3.95,3.58,1.79,Ru,1,S29447,S3,21,U=0V vs RHE,author_assigned_limiting_potential,false,6f7cf67cfde085767a3ec540ae3d7df882c120611aa04df083e9a14e1bbbeb4b
0.46,0.58,0.58,0.85,2.00,3.71,3.41,1.51,Ir,1,S29447,S3,22,U=0V vs RHE,author_assigned_limiting_potential,false,6f7cf67cfde085767a3ec540ae3d7df882c120611aa04df083e9a14e1bbbeb4b
0.46,0.47,0.52,0.82,1.94,3.72,3.41,1.51,Ir,1,S29447,S3,23,U=0V vs RHE,author_assigned_limiting_potential,false,6f7cf67cfde085767a3ec540ae3d7df882c120611aa04df083e9a14e1bbbeb4b
0.46,0.61,0.45,0.81,1.94,3.64,3.35,1.57,Ir,8,S29447,S3,24,U=0V vs RHE,author_assigned_limiting_potential,false,6f7cf67cfde085767a3ec540ae3d7df882c120611aa04df083e9a14e1bbbeb4b
0.46,0.60,0.42,0.87,1.91,3.71,3.40,1.52,Ir,8,S29447,S3,25,U=0V vs RHE,author_assigned_limiting_potential,false,6f7cf67cfde085767a3ec540ae3d7df882c120611aa04df083e9a14e1bbbeb4b
0.46,0.55,0.40,0.76,1.87,3.59,3.32,1.60,Ir,8,S29447,S3,26,U=0V vs RHE,author_assigned_limiting_potential,false,6f7cf67cfde085767a3ec540ae3d7df882c120611aa04df083e9a14e1bbbeb4b
0.46,0.94,0.85,0.66,1.73,3.86,3.54,1.81,Ru,13,S29447,S3,27,U=0V vs RHE,author_assigned_limiting_potential,false,6f7cf67cfde085767a3ec540ae3d7df882c120611aa04df083e9a14e1bbbeb4b
0.46,0.67,0.58,0.84,1.97,3.75,3.43,1.49,Ir,13,S29447,S3,28,U=0V vs RHE,author_assigned_limiting_potential,false,6f7cf67cfde085767a3ec540ae3d7df882c120611aa04df083e9a14e1bbbeb4b
0.46,0.93,0.85,0.70,1.74,3.91,3.64,1.89,Ru,13,S29447,S3,29,U=0V vs RHE,author_assigned_limiting_potential,false,6f7cf67cfde085767a3ec540ae3d7df882c120611aa04df083e9a14e1bbbeb4b
0.46,0.96,0.84,0.69,1.79,3.89,3.58,1.79,Ru,15,S29447,S3,30,U=0V vs RHE,author_assigned_limiting_potential,false,6f7cf67cfde085767a3ec540ae3d7df882c120611aa04df083e9a14e1bbbeb4b
0.46,0.61,0.49,0.77,1.91,3.65,3.37,1.55,Ir,15,S29447,S3,31,U=0V vs RHE,author_assigned_limiting_potential,false,6f7cf67cfde085767a3ec540ae3d7df882c120611aa04df083e9a14e1bbbeb4b
0.46,0.50,0.54,0.92,1.97,3.78,3.52,1.55,Ir,15,S29447,S3,32,U=0V vs RHE,author_assigned_limiting_potential,false,6f7cf67cfde085767a3ec540ae3d7df882c120611aa04df083e9a14e1bbbeb4b
0.50,0.95,0.79,0.64,1.72,3.53,3.53,1.81,Ru,2,S29447,S3,33,U=0V vs RHE,author_assigned_limiting_potential,false,6f7cf67cfde085767a3ec540ae3d7df882c120611aa04df083e9a14e1bbbeb4b
0.50,0.37,0.38,0.72,1.80,3.60,3.31,1.61,Ir,2,S29447,S3,34,U=0V vs RHE,author_assigned_limiting_potential,false,6f7cf67cfde085767a3ec540ae3d7df882c120611aa04df083e9a14e1bbbeb4b
0.50,0.41,0.44,0.77,1.87,3.64,3.36,1.56,Ir,2,S29447,S3,35,U=0V vs RHE,author_assigned_limiting_potential,false,6f7cf67cfde085767a3ec540ae3d7df882c120611aa04df083e9a14e1bbbeb4b
0.54,0.88,0.81,0.55,1.71,3.43,3.42,1.71,Ru,6,S29447,S3,36,U=0V vs RHE,author_assigned_limiting_potential,false,6f7cf67cfde085767a3ec540ae3d7df882c120611aa04df083e9a14e1bbbeb4b
0.54,0.55,0.45,0.65,1.83,3.59,3.27,1.65,Ir,6,S29447,S3,37,U=0V vs RHE,author_assigned_limiting_potential,false,6f7cf67cfde085767a3ec540ae3d7df882c120611aa04df083e9a14e1bbbeb4b
0.54,0.72,0.75,0.48,1.61,3.76,3.42,1.81,Ru,6,S29447,S3,38,U=0V vs RHE,author_assigned_limiting_potential,false,6f7cf67cfde085767a3ec540ae3d7df882c120611aa04df083e9a14e1bbbeb4b
0.54,0.74,0.79,0.62,1.70,3.90,3.52,1.82,Ru,7,S29447,S3,39,U=0V vs RHE,author_assigned_limiting_potential,false,6f7cf67cfde085767a3ec540ae3d7df882c120611aa04df083e9a14e1bbbeb4b
0.54,0.71,0.71,0.58,1.64,3.86,3.50,1.86,Ru,7,S29447,S3,40,U=0V vs RHE,author_assigned_limiting_potential,false,6f7cf67cfde085767a3ec540ae3d7df882c120611aa04df083e9a14e1bbbeb4b
0.54,0.57,0.48,0.69,1.82,3.60,3.29,1.63,Ir,7,S29447,S3,41,U=0V vs RHE,author_assigned_limiting_potential,false,6f7cf67cfde085767a3ec540ae3d7df882c120611aa04df083e9a14e1bbbeb4b
0.54,0.59,0.48,0.69,1.82,3.62,3.32,1.60,Ir,17,S29447,S3,42,U=0V vs RHE,author_assigned_limiting_potential,false,6f7cf67cfde085767a3ec540ae3d7df882c120611aa04df083e9a14e1bbbeb4b
0.54,0.92,0.81,0.68,1.72,3.91,3.58,1.86,Ru,17,S29447,S3,43,U=0V vs RHE,author_assigned_limiting_potential,false,6f7cf67cfde085767a3ec540ae3d7df882c120611aa04df083e9a14e1bbbeb4b
0.54,0.89,0.74,0.61,1.66,3.86,3.54,1.89,Ru,17,S29447,S3,44,U=0V vs RHE,author_assigned_limiting_potential,false,6f7cf67cfde085767a3ec540ae3d7df882c120611aa04df083e9a14e1bbbeb4b
0.54,0.28,0.31,0.67,1.71,3.55,3.28,1.64,Ir,18,S29447,S3,45,U=0V vs RHE,author_assigned_limiting_potential,false,6f7cf67cfde085767a3ec540ae3d7df882c120611aa04df083e9a14e1bbbeb4b
0.54,0.70,0.70,0.51,1.63,3.44,3.44,1.81,Ru,18,S29447,S3,46,U=0V vs RHE,author_assigned_limiting_potential,false,6f7cf67cfde085767a3ec540ae3d7df882c120611aa04df083e9a14e1bbbeb4b
0.54,0.33,0.33,0.61,1.77,3.48,3.20,1.72,Ir,18,S29447,S3,47,U=0V vs RHE,author_assigned_limiting_potential,false,6f7cf67cfde085767a3ec540ae3d7df882c120611aa04df083e9a14e1bbbeb4b
0.58,0.95,0.94,0.68,1.85,3.89,3.55,1.70,Ru,4,S29447,S3,48,U=0V vs RHE,author_assigned_limiting_potential,false,6f7cf67cfde085767a3ec540ae3d7df882c120611aa04df083e9a14e1bbbeb4b
0.58,0.95,0.89,0.67,1.84,3.89,3.55,1.71,Ru,4,S29447,S3,49,U=0V vs RHE,author_assigned_limiting_potential,false,6f7cf67cfde085767a3ec540ae3d7df882c120611aa04df083e9a14e1bbbeb4b
0.58,0.69,0.64,0.75,2.00,3.65,3.31,1.61,Ir,4,S29447,S3,50,U=0V vs RHE,author_assigned_limiting_potential,false,6f7cf67cfde085767a3ec540ae3d7df882c120611aa04df083e9a14e1bbbeb4b
0.58,0.76,0.76,0.70,1.73,3.92,3.60,1.87,Ru,5,S29447,S3,51,U=0V vs RHE,author_assigned_limiting_potential,false,6f7cf67cfde085767a3ec540ae3d7df882c120611aa04df083e9a14e1bbbeb4b
0.58,0.59,0.50,0.68,1.87,3.58,3.26,1.66,Ir,5,S29447,S3,52,U=0V vs RHE,author_assigned_limiting_potential,false,6f7cf67cfde085767a3ec540ae3d7df882c120611aa04df083e9a14e1bbbeb4b
0.58,0.73,0.77,0.50,1.63,3.74,3.43,1.80,Ru,5,S29447,S3,53,U=0V vs RHE,author_assigned_limiting_potential,false,6f7cf67cfde085767a3ec540ae3d7df882c120611aa04df083e9a14e1bbbeb4b
0.63,0.60,0.52,0.72,1.86,3.63,3.34,1.58,Ir,11,S29447,S3,54,U=0V vs RHE,author_assigned_limiting_potential,false,6f7cf67cfde085767a3ec540ae3d7df882c120611aa04df083e9a14e1bbbeb4b
0.63,0.90,0.78,0.71,1.70,3.94,3.65,1.95,Ru,11,S29447,S3,55,U=0V vs RHE,author_assigned_limiting_potential,false,6f7cf67cfde085767a3ec540ae3d7df882c120611aa04df083e9a14e1bbbeb4b
0.63,0.88,0.77,0.57,1.66,3.80,3.50,1.84,Ru,11,S29447,S3,56,U=0V vs RHE,author_assigned_limiting_potential,false,6f7cf67cfde085767a3ec540ae3d7df882c120611aa04df083e9a14e1bbbeb4b
0.63,0.54,0.45,0.64,1.83,3.58,3.26,1.66,Ir,16,S29447,S3,57,U=0V vs RHE,author_assigned_limiting_potential,false,6f7cf67cfde085767a3ec540ae3d7df882c120611aa04df083e9a14e1bbbeb4b
0.63,0.81,0.85,0.55,1.72,3.43,3.43,1.71,Ru,16,S29447,S3,58,U=0V vs RHE,author_assigned_limiting_potential,false,6f7cf67cfde085767a3ec540ae3d7df882c120611aa04df083e9a14e1bbbeb4b
0.63,0.74,0.74,0.50,1.64,3.76,3.42,1.79,Ru,16,S29447,S3,59,U=0V vs RHE,author_assigned_limiting_potential,false,6f7cf67cfde085767a3ec540ae3d7df882c120611aa04df083e9a14e1bbbeb4b
0.63,0.63,0.48,0.79,1.97,3.65,3.32,1.60,Ir,19,S29447,S3,60,U=0V vs RHE,author_assigned_limiting_potential,false,6f7cf67cfde085767a3ec540ae3d7df882c120611aa04df083e9a14e1bbbeb4b
0.63,0.66,0.51,0.79,2.02,3.62,3.33,1.59,Ir,19,S29447,S3,61,U=0V vs RHE,author_assigned_limiting_potential,false,6f7cf67cfde085767a3ec540ae3d7df882c120611aa04df083e9a14e1bbbeb4b
0.63,0.70,0.55,0.89,2.07,3.74,3.42,1.52,Ir,19,S29447,S3,62,U=0V vs RHE,author_assigned_limiting_potential,false,6f7cf67cfde085767a3ec540ae3d7df882c120611aa04df083e9a14e1bbbeb4b
1.00 / IrO2(110),0.37,0.37,0.74,1.89,3.50,3.25,1.67,Ir,,S29447,S3,63,U=0V vs RHE,author_assigned_limiting_potential,false,6f7cf67cfde085767a3ec540ae3d7df882c120611aa04df083e9a14e1bbbeb4b
