formula,n_elements,dG_OH,dG_O,dG_OOH,descriptor,eta_V,limiting_step,formability,single_phase,phase,delta_pct,omega,dHmix_kJ,dSmix_J,vec,abundance,cost_usd_kg,backend,n_sites,eta_min,eta_mean,eta_std,eta_max,activity,formable,score,pareto,rank,eta_prior
Fe32Ni17Co34Mn18,4,2.012217376692585,3.7652416274931735,5.763581863695508,1.7530242508005887,0.7822173766925848,1,0.905977567102803,True,FCC,3.1475032599361144,6.446044771867204,-2.983107163585875,11.106939874038757,8.492881076718641,0.43072319458135006,14.537307931087367,fairchem:uma-s-1p1:rutile,4,0.7822173766925848,1.1766788559961154,0.2631486330724848,1.5094564842250398,0.9950363505123401,True,0.8554560843032809,True,1,0.37585464783076317
Ni11Cr24Mn18Co29Fe18,5,1.9276129688518417,3.742385774481283,5.744048308563395,1.8147728056294414,0.7716625340821115,3,0.9186560172861309,True,FCC+BCC,3.1380787961782697,6.441884669025367,-3.678766883774919,12.975735305574421,7.828594766722538,0.32986997493265324,14.03441214288677,fairchem:uma-s-1p1:rutile,4,0.7716625340821115,1.427186975056117,0.6014398385951637,2.164391142050136,0.9987769013424181,True,0.8409592508435789,True,2,0.47258498632760837
Cr6Fe33Ni27Mn34,4,2.1589822922134467,4.453604895968146,5.783711762072999,2.2946226037546995,1.0646226037546995,2,0.8901167330991622,True,FCC,3.9349485849376737,4.424805005399443,-4.04839277401255,10.463566129779968,8.07921738953996,0.5405550048121568,6.2472870458762895,fairchem:uma-s-1p1:rutile,4,1.0646226037546995,2.136308731565468,0.9218491110015226,3.5265541138758185,0.8949542227639481,True,0.822623132274154,True,3,0.48324149211598666
Mn19Fe12Ni35Co16Cr18,5,2.160165974807152,4.006942352606847,5.788981083316132,1.8467763777996953,0.930165974807152,1,0.9304921833312965,True,FCC,3.2123301105311337,4.395238143367513,-5.201296341543945,12.801416266183079,8.303949432122998,0.2942186695124248,13.755512423137212,fairchem:uma-s-1p1:rutile,4,0.930165974807152,1.149585720640733,0.15109426780331237,1.3561794895429107,0.9426045642782955,True,0.8092936710410217,True,4,0.4430987247432996
Ni31Cr29Cu5Mn35,4,1.671753141026708,3.8212895274507783,5.8201907804480175,2.1495363864240704,0.9195363864240704,2,0.8987420177881656,True,FCC+BCC,3.7439913722294125,4.677984489848995,-3.907347183349124,10.33481190879033,7.8483353985899145,0.27058017411238283,9.465510287069712,fairchem:uma-s-1p1:rutile,4,0.9195363864240704,2.1629820849176467,0.7207181081657675,2.6299206605320924,0.9463716044054756,True,0.7969244423616639,False,5,0.5294800837912939
Cu8Cr23Mn35Co34,4,1.7833795852606422,3.7299588844451588,5.728170158428343,1.9465792991845166,0.7682112739831841,3,0.8408686072711807,True,FCC+BCC,3.617740292056664,17.085409348604614,-1.0774842921748053,10.569212310239392,7.77884888110609,0.21506696405028802,14.882455511850972,fairchem:uma-s-1p1:rutile,4,0.7682112739831841,3.4236329248746107,3.2418043377229955,8.9725338419845,1.0,True,0.7952739749914117,True,6,0.4913007201093298
Cu12Mn33Co35Fe21,4,2.1512131527999636,4.076342227517818,5.776849114010092,1.9251290747178547,0.9212131527999636,1,0.7892136718208983,True,FCC,3.6526960431045232,78.03444683895006,0.22965249496952939,10.877663078790553,8.36390261247902,0.37550754701965267,13.225774430291104,fairchem:uma-s-1p1:rutile,4,0.9212131527999636,1.5756085720252884,0.4886901593775941,2.163881405330074,0.9457773719672798,True,0.78475429693384,False,7,0.40231686581228665
Co20Ni20Cr20Mn20Cu20,5,2.0259835945677005,3.662390903867651,5.774226154215187,1.6364073092999507,0.8818352503475357,3,0.787125950365365,True,FCC,3.083704670850257,35.76653811027748,0.6400000000000003,13.381611358925287,8.600000000000001,0.18475353353418514,14.260000000000002,fairchem:uma-s-1p1:rutile,4,0.8818352503475357,2.1020520287873414,0.7393566026990536,2.8583026803203784,0.9597325820202467,True,0.7529547828265698,False,8,0.38826025611338855
Cu11Ni34Cr6Fe20Co29,5,2.323556231468141,4.156918431347242,5.755192873361141,1.8333621998791005,1.093556231468141,1,0.7897652620841856,True,FCC,0.8169089034690901,21.482192375451802,0.9853395467333562,12.124900330234823,9.166769073978829,0.2730687545864812,17.443901991209625,fairchem:uma-s-1p1:rutile,4,1.093556231468141,1.315437840453029,0.20294041777379934,1.6371632832946834,0.8847003791819235,True,0.7338935191335136,False,9,0.4682567434371876
Ni19Cr19Co28Fe34,4,1.9306069756513389,2.995454649044154,5.761044330933332,1.0648476733928152,1.5355896818891783,3,0.9335917833461694,True,FCC,0.33156958671709386,6.915653953384211,-3.01676246729098,11.264206706031874,8.290746926487483,0.4063741639565821,14.51559373797771,fairchem:uma-s-1p1:rutile,4,1.5355896818891783,2.1338949382325585,0.6367851493031069,3.1999709468057067,0.7280473005037079,True,0.7253760180470212,True,10,0.3807421029586382
Fe22Co6Cu29Mn35Ni8,5,2.1571589432331657,3.060867936135514,5.235874108043918,0.9037089929023483,0.9450061719084037,3,0.5317596058159179,True,FCC,3.525030104876709,4.316264004990338,4.310376373987695,11.867457646482368,8.741744072875337,0.4312298337556725,6.754077290590067,fairchem:uma-s-1p1:rutile,4,0.9450061719084037,1.925109548572223,0.6029489324796952,2.5899441804263565,0.9373453184861766,True,0.7144465077389982,True,11,0.3701364286114375
Mn25Cu19Cr18Fe20Co18,5,2.2578981931438116,4.025724945008369,5.811098539826348,1.7678267518645572,1.0278981931438116,1,0.5749090455738678,True,FCC,3.373177468179696,5.975095924875234,3.8116009329753413,13.310206461149855,8.132695790132617,0.3737755027237871,9.865017300380275,fairchem:uma-s-1p1:rutile,4,1.0278981931438116,1.2563342501275687,0.1868253807871882,1.4626709098671,0.9079690567756248,True,0.7012123426047302,False,12,0.4225584898217991
Cu22Fe33Ni33Cr12,4,2.333593224044288,3.917809095399525,5.750711542947856,1.5842158713552368,1.103593224044288,1,0.5697623734680604,True,FCC,1.1381715881643126,4.602398607206981,4.12136405371595,10.981160971466618,9.08480823390958,0.4267636420137658,9.189914065240611,fairchem:uma-s-1p1:rutile,4,1.103593224044288,1.8901733654782185,0.6608300230113534,2.612713570041307,0.8811433502144863,True,0.6968531155504144,False,13,0.4491127474557224
Cu18Cr34Fe35Ni13,4,2.001914937435837,3.5022760569606586,5.836997911799601,1.5003611195248214,1.1047218548389428,3,0.5518104199854565,True,FCC,1.0364711996213587,4.627191975806053,4.344543632593472,10.885068373875043,8.10856750099306,0.44962437349554407,7.361579824728998,fairchem:uma-s-1p1:rutile,4,1.1047218548389428,1.5980737942720609,0.45948580167611286,2.288527586777946,0.8807433725917401,True,0.6958396869906158,False,14,0.40279288428284454
Fe14Cr32Ni11Mn21Cu22,5,1.4782762571852381,3.3534337537205143,5.743433236573951,1.8751574965352762,1.1599994828534368,3,0.5080806771765991,True,FCC,3.1839060303333935,4.800681400964322,4.698707707045729,12.801090499164863,8.009344969892409,0.3412586773761175,7.374871180920517,fairchem:uma-s-1p1:rutile,4,1.1599994828534368,1.8504242258445907,0.5264500795664308,2.361843653711957,0.8611534284319676,True,0.651252652844187,False,15,0.44777961432626645
Cu31Co20Ni16Mn33,4,2.6930443745987795,3.293450408188141,5.801862804053615,0.6004060335893615,1.4630443745987796,1,0.7706225203059929,True,FCC,3.3312513847827954,20.67844476731122,0.8420955111065436,11.204007702020574,9.12012987128712,0.215217438217945,12.977991082921974,fairchem:uma-s-1p1:rutile,4,1.4630443745987796,2.041128259639862,0.44930323349274986,2.7075330154513613,0.7537567704994141,True,0.6511086289850939,False,16,0.40120165940293906
Ni31Cu33Cr10Mn27,4,1.4672485363190995,4.15838815534895,4.505524353872788,2.6911396190298507,1.4611396190298507,2,0.7476551788365288,True,FCC,3.2474458703728386,13.234835286862232,1.3099881430962899,10.874533348207969,9.133865494530095,0.22943594351394195,9.882204894166932,fairchem:uma-s-1p1:rutile,4,1.4611396190298507,2.178443227614711,0.6499959144784634,3.086212200881221,0.7544318004631374,True,0.6473996425853158,False,17,0.39139546835923356
Cr33Ni30Fe11Co26,4,1.9545160223239386,2.646395131203553,5.752064367355688,0.6918791088796143,1.875669236152135,3,0.9587573926147457,True,FCC,0.24200262979558718,4.46016342726221,-4.659768434339808,10.959843103104651,8.203597727261958,0.21430189129298466,17.246543358322167,fairchem:uma-s-1p1:rutile,4,1.875669236152135,4.397502028545063,1.4688727805470387,5.553482181857703,0.6075258577937424,True,0.6342505249398918,True,18,0.419673084113259
Cr34Mn23Co9Fe34,4,1.7279666310710504,2.3915171231911128,5.753550919661693,0.6635504921200623,2.1320337964705804,3,0.8402585640563907,True,FCC+BCC,3.448131441050787,22.944499645999517,-0.8707316100088964,10.696603233423899,7.1781925877641966,0.5102166367372944,6.755876445420622,fairchem:uma-s-1p1:rutile,4,2.1320337964705804,3.0918475973712565,0.7660392392952565,4.175253735350509,0.5166723316643989,True,0.6124570623965756,False,19,0.5630421179111629
Co24Ni35Mn34Cu7,4,2.0016541769167966,2.6191919380798705,5.801513494160433,0.6175377611630739,1.952321556080563,3,0.9041571532098707,True,FCC,3.7002957148162654,4.011658144874532,-4.2891268549380515,10.495614003171926,8.801820532540798,0.22502232917648396,15.364035721108337,fairchem:uma-s-1p1:rutile,4,1.952321556080563,2.751132755867524,0.5014656564890528,3.3288918165254846,0.5803608957457835,True,0.6064320596711498,False,20,0.40039699415657726
Cr21Co29Fe30Cu19,4,2.773010062723737,3.6838031990491,5.756736860304516,0.910793136325363,1.543010062723737,1,0.5135999554880424,True,FCC,1.0395322473390696,4.237759083758743,4.801375703348133,11.373896353317658,8.447307195770515,0.36507960288670216,13.413389782408736,fairchem:uma-s-1p1:rutile,4,1.543010062723737,2.025487529996922,0.3936275432869995,2.448465480716151,0.7254175775685064,True,0.5898046960080063,False,21,0.4026757262614913
Cu33Mn5Ni31Co30,4,2.8115149660979264,5.357757234962241,5.743477050066376,2.5462422688643147,1.5815149660979264,1,0.6158658075573598,True,FCC,1.9562509982731453,4.752421332539474,3.5031899980948245,10.369501126377651,9.873498011940246,0.11206348055029845,18.6455020973407,fairchem:uma-s-1p1:rutile,4,1.5815149660979264,2.224181355030552,0.5518035268407093,2.8808274220738785,0.7117717513261065,True,0.5630583140403209,False,22,0.5534622433355216
Ni30Fe27Mn9Cr34,4,-0.7780707446048233,0.2687019839254729,1.1107748691070625,1.0467727285302961,2.5792251308929375,4,0.9433906819559309,True,FCC+BCC,2.4431361842375994,4.574963337518519,-4.463032293926379,10.837502219320564,7.820029571887928,0.4225762264103158,8.81468113873512,fairchem:uma-s-1p1:rutile,4,2.5792251308929375,3.5220084021984097,0.7551525664015478,4.463562400234537,0.3581913406245686,True,0.5466281201811267,True,23,0.48742447602965866
Cr30Mn34Co14Cu21,4,1.3497879134086852,1.8606603012637832,4.809901056512688,0.510872387855098,1.7192407552489049,3,0.5462423815746238,True,FCC+BCC,3.4514496506202454,4.603979010816922,4.152006333286069,11.121278943226102,7.846511567165754,0.23968697855343463,10.158182087309646,fairchem:uma-s-1p1:rutile,4,1.7192407552489049,1.8925817107252525,0.26381160839617085,2.3489585164242603,0.6629628458839116,True,0.5432915331250299,False,24,0.47603610469778435
Cu26Ni9Cr31Co33,4,1.5922324129762537,2.9241912588077295,5.8265300467906105,1.3319588458314757,1.672338787982881,3,0.5932181310507713,True,FCC,0.9975074284318243,5.042357013702821,3.8381262509190868,10.822819376907347,8.665546849976602,0.10129695522278734,17.977976170839447,fairchem:uma-s-1p1:rutile,4,1.672338787982881,2.3370495201565684,0.38387312514553457,2.5726114806543583,0.6795845236354238,True,0.5380170921775007,False,25,0.40223649713674847
Co20Mn27Ni18Cr35,4,1.2318879707809551,2.249237121617943,5.84084508365625,1.017349150836988,2.3616079620383066,3,0.9198969210133692,True,FCC+BCC,3.508387551106,4.310587834477461,-4.798609636388555,11.253841797280174,7.603414315550903,0.21757439787889957,13.760002092496677,fairchem:uma-s-1p1:rutile,4,2.3616079620383066,2.4751061873182176,0.08443437655957277,2.5689388232667048,0.43531310469433265,True,0.537140508226957,False,26,0.5370761873909116
Mn23Ni32Cu18Fe18Co9,5,3.752106909878288,6.927147134884001,5.7911643708710745,3.1750402250057124,2.5221069098782882,1,0.7960686655552249,True,FCC,3.363998024817573,69.68872268900859,0.29868079135698566,12.761527449203722,9.034782309877814,0.35804931153806513,10.839937709228861,fairchem:uma-s-1p1:rutile,4,2.5221069098782882,2.7122469701964884,0.18994903361493415,3.015237491994981,0.37843357605278066,True,0.4996472500005708,False,27,0.3969009248761728
Mn20Cu35Cr8Co32Fe6,5,3.406012136831786,3.2330832559323763,4.171543841846942,-0.1729288808994096,2.176012136831786,1,0.5253876126284115,True,FCC,2.931167250593289,4.218082835027774,4.520869799520098,11.837329529377055,9.004735453366095,0.21039608206898713,14.664522868540697,fairchem:uma-s-1p1:rutile,4,2.176012136831786,2.792042033419111,0.6160571975524035,3.8188070316595746,0.5010867636351487,True,0.4502388820198952,False,28,0.42895420223332836
Cr33Co5Ni29Cu33,4,3.8966931577427126,7.040915812397122,5.860304439459485,3.1442226546544094,2.6666931577427126,1,0.5672574751069958,True,FCC,1.1298161686850736,4.382744776135886,4.148962034773089,10.341403191485218,8.954191430760307,0.1429310521735262,12.991769228941061,fairchem:uma-s-1p1:rutile,4,2.6666931577427126,3.853347438943043,0.7123220060049177,4.566665799789476,0.3271933795452095,True,0.3623601427394087,False,29,0.4093681403093896
Co20Mn8Ni18Fe26Cu28,5,-0.7369644780677241,0.9529916445691013,5.772937761881012,1.6899561226368256,3.589946117311911,3,0.500746120980283,True,FCC,2.3392863411946228,4.28351885357611,4.8957719187276,12.802588801526053,9.317028811354154,0.35617254590943853,12.715314167269787,fairchem:uma-s-1p1:rutile,4,3.589946117311911,4.512623921313992,0.9824600013280038,6.150676689301974,0.0,True,0.2214583454759726,False,30,0.4908837213755859
