screen_id,publisher,doi,title,library_link,save_as
S04515,ECS,10.1149/2.0061710jes,Calcination Temperature Dependent Catalytic Activity and Stability of IrO 2 –Ta 2 O 5 Anodes for Oxygen Evolution Reaction in Aqueous Sulfate Electrolytes,https://login.ezproxy.lib.purdue.edu/login?url=https://doi.org/10.1149/2.0061710jes,S04515.pdf
S05477,ECS,10.1149/08512.0201ecst,Modulating Selectivity in CER and OER through Doped RuO2,https://login.ezproxy.lib.purdue.edu/login?url=https://doi.org/10.1149/08512.0201ecst,S05477.pdf
S08766,ECS,10.1149/2.0771915jes,The Roles of Oxide Growth and Sub-Surface Facets in Oxygen Evolution Activity of Iridium and Its Impact on Electrolysis,https://login.ezproxy.lib.purdue.edu/login?url=https://doi.org/10.1149/2.0771915jes,S08766.pdf
S11816,ECS,10.1149/1945-7111/abe52e,"Erratum: Multiple Reaction Pathways for the Oxygen Evolution Reaction May Contribute to IrO2 (110)’s High Activity [ J. Electrochem. Soc., 168, 024506 (2021)]",https://login.ezproxy.lib.purdue.edu/login?url=https://doi.org/10.1149/1945-7111/abe52e,S11816.pdf
S12940,ECS,10.1149/1945-7111/ac1640,"First Principles Study of Oxygen Adsorption on Li-MO2 (M = Mn, Ti and V) (110) Surface",https://login.ezproxy.lib.purdue.edu/login?url=https://doi.org/10.1149/1945-7111/ac1640,S12940.pdf
S25172,ECS,10.1149/1945-7111/adb4a5,Alkaline Water Splitting Over RuO2@phosphomolybednic Acid Encased Multi-Walled Carbon Nanotubes,https://login.ezproxy.lib.purdue.edu/login?url=https://doi.org/10.1149/1945-7111/adb4a5,S25172.pdf
S30931,ECS,10.1149/1945-7111/ae9ef7,Optimal Yttrium Doping Window in RuO 2 for Enhanced Activity and Durability in Three-Electrode Acidic OER,https://login.ezproxy.lib.purdue.edu/login?url=https://doi.org/10.1149/1945-7111/ae9ef7,S30931.pdf
S08392,Elsevier,10.1016/j.jechem.2019.09.013,First-principles investigation of β-Ge3N4 loaded with RuO2 cocatalyst for photocatalytic overall water splitting,https://login.ezproxy.lib.purdue.edu/login?url=https://doi.org/10.1016/j.jechem.2019.09.013,S08392.pdf
S13780,Elsevier,10.1016/j.apsusc.2021.151900,The regulation mechanism of V-shaped 103 nano-twin grain boundary on OER performance of rutile RuO2,https://login.ezproxy.lib.purdue.edu/login?url=https://doi.org/10.1016/j.apsusc.2021.151900,S13780.pdf
S14537,Elsevier,10.1016/j.checat.2022.01.012,Tuning hydrogen binding modes within RuO2 lattice by proton and electron co-doping for active and stable acidic oxygen evolution,https://login.ezproxy.lib.purdue.edu/login?url=https://doi.org/10.1016/j.checat.2022.01.012,S14537.pdf
S14704,Elsevier,10.1016/j.jcat.2022.02.016,Theoretical and experimental study of the effects of cobalt and nickel doping within IrO2 on the acidic oxygen evolution reaction,https://login.ezproxy.lib.purdue.edu/login?url=https://doi.org/10.1016/j.jcat.2022.02.016,S14704.pdf
S14909,Elsevier,10.1016/j.physb.2022.413884,Effect of YRu-VO complex on the OER activity of V-shaped RuO2 Σ103 nanotwin,https://login.ezproxy.lib.purdue.edu/login?url=https://doi.org/10.1016/j.physb.2022.413884,S14909.pdf
S20221,Elsevier,10.1016/j.coelec.2023.101382,Oxygen desorption – Critical step for the oxygen evolution reaction,https://login.ezproxy.lib.purdue.edu/login?url=https://doi.org/10.1016/j.coelec.2023.101382,S20221.pdf
S20599,Elsevier,10.1016/j.apsusc.2023.158613,Unravel the mechanism of d-orbital modulation and oxygen vacancy in cerium-doped RuO2 catalysts for acidic oxygen evolution reaction,https://login.ezproxy.lib.purdue.edu/login?url=https://doi.org/10.1016/j.apsusc.2023.158613,S20599.pdf
S21253,Elsevier,10.1016/j.gee.2023.12.003,Construction of Pd-doped RuO2 nanosheets for efficient and stable acidic water oxidation,https://login.ezproxy.lib.purdue.edu/login?url=https://doi.org/10.1016/j.gee.2023.12.003,S21253.pdf
S22127,Elsevier,10.1016/j.ensm.2024.103341,Single-phase ruthenium-based oxide with dual-atoms induced bifunctional catalytic centers enables highly efficient rechargeable Zn-air batteries,https://login.ezproxy.lib.purdue.edu/login?url=https://doi.org/10.1016/j.ensm.2024.103341,S22127.pdf
S22775,Elsevier,10.1016/j.jcat.2024.115548,Single atom catalysts with anion center toward oxygen electrocatalysis based on the conductive 1T-HfTe2,https://login.ezproxy.lib.purdue.edu/login?url=https://doi.org/10.1016/j.jcat.2024.115548,S22775.pdf
S22941,Elsevier,10.1016/j.electacta.2024.144567,Lattice oxygen evolution in rutile Ru 1−x Ni x O 2 electrocatalysts,https://login.ezproxy.lib.purdue.edu/login?url=https://doi.org/10.1016/j.electacta.2024.144567,S22941.pdf
S23023,Elsevier,10.1016/j.susc.2024.122542,Asymmetric distortion of orbital hybridization at halogen-doped IrO2 monolayers for acidic water electrolysis,https://login.ezproxy.lib.purdue.edu/login?url=https://doi.org/10.1016/j.susc.2024.122542,S23023.pdf
S23135,Elsevier,10.1016/j.apcatb.2024.124382,Facet-engineered ruthenium oxide on titanium oxide oxygen evolution electrocatalysts for proton-exchange membrane water electrolysis,https://login.ezproxy.lib.purdue.edu/login?url=https://doi.org/10.1016/j.apcatb.2024.124382,S23135.pdf
S23308,Elsevier,10.1016/j.cattod.2024.114963,Trends in the oxygen adsorption energy derived from the thermodynamic potential model for the oxygen evolution reaction,https://login.ezproxy.lib.purdue.edu/login?url=https://doi.org/10.1016/j.cattod.2024.114963,S23308.pdf
S23544,Elsevier,10.1016/j.esci.2024.100307,Tailoring the electron redistribution of RuO2 by constructing a Ru-O-La asymmetric configuration for efficient acidic oxygen evolution,https://login.ezproxy.lib.purdue.edu/login?url=https://doi.org/10.1016/j.esci.2024.100307,S23544.pdf
S23988,Elsevier,10.1016/j.jechem.2024.10.009,Rutile-structured high-entropy oxyfluorides: A platform for oxygen evolution catalysis,https://login.ezproxy.lib.purdue.edu/login?url=https://doi.org/10.1016/j.jechem.2024.10.009,S23988.pdf
S24086,Elsevier,10.1016/j.cclet.2024.110602,Photocatalyzed oxidation of water on oxygen pretreated rutile TiO2(110),https://login.ezproxy.lib.purdue.edu/login?url=https://doi.org/10.1016/j.cclet.2024.110602,S24086.pdf
S24090,Elsevier,10.1016/j.cclet.2024.110612,Engineering eg filling of RuO2 enables a robust and stable acidic water oxidation,https://login.ezproxy.lib.purdue.edu/login?url=https://doi.org/10.1016/j.cclet.2024.110612,S24090.pdf
S24907,Elsevier,10.1016/j.jcat.2025.115968,GC-DFT simulation of coverage and potential effect for oxygen evolution reaction on RuO2-based electrocatalyst,https://login.ezproxy.lib.purdue.edu/login?url=https://doi.org/10.1016/j.jcat.2025.115968,S24907.pdf
S26477,Elsevier,10.1016/j.nanoen.2025.111345,Modulating lattice entropy of rutile Ru0.28Ir0.16Cr0.28Mn0.28O2 nanostructures expedites pH-universal oxygen evolution kinetics,https://login.ezproxy.lib.purdue.edu/login?url=https://doi.org/10.1016/j.nanoen.2025.111345,S26477.pdf
S27476,Elsevier,10.1016/j.cej.2025.171062,Tailoring electron-rich Ru/Mo-RuO2 heterointerface triggers ultrastable proton-inert oxygen evolution reaction,https://login.ezproxy.lib.purdue.edu/login?url=https://doi.org/10.1016/j.cej.2025.171062,S27476.pdf
S28649,Elsevier,10.1016/j.nanoen.2026.111796,Corrigendum to “Modulating lattice entropy of rutile Ru0.28Ir0.16Cr0.28Mn0.28O2 nanostructures expedites pH-universal oxygen evolution kinetics” [Nano Energy 144 (2025) 111345],https://login.ezproxy.lib.purdue.edu/login?url=https://doi.org/10.1016/j.nanoen.2026.111796,S28649.pdf
S29039,Elsevier,10.1016/j.commatsci.2026.114637,Mechanistic insights and performance analysis of pH-universal HER/OER bifunctional electrocatalysts based on transition metal-doped bilayer IrO2 nanoribbon,https://login.ezproxy.lib.purdue.edu/login?url=https://doi.org/10.1016/j.commatsci.2026.114637,S29039.pdf
S29611,Elsevier,10.1016/j.jechem.2026.04.035,"Synergistically modulating Ru–O covalency and BEF strength of Ru/RuO2 via local La, Co heteroatoms dual-doping: Breaking the activity-stability trade-off in acidic water electrolysis",https://login.ezproxy.lib.purdue.edu/login?url=https://doi.org/10.1016/j.jechem.2026.04.035,S29611.pdf
S29795,Elsevier,10.1016/j.cjche.2026.03.027,Potential‒driven surface oxygen migration and coupling on IrO2 (1 1 0) using grand canonical ensemble modeling,https://login.ezproxy.lib.purdue.edu/login?url=https://doi.org/10.1016/j.cjche.2026.03.027,S29795.pdf
S29879,Elsevier,10.1016/j.cej.2026.177749,Rational design of rutile-type (RuMnCrNbM)Ox high-entropy oxides for acidic oxygen evolution reaction,https://login.ezproxy.lib.purdue.edu/login?url=https://doi.org/10.1016/j.cej.2026.177749,S29879.pdf
S30008,Elsevier,10.1016/s1872-2067(26)64993-5,Surface anions-mediated dynamic interfacial free water enriched microenvironment on RuO2 for efficient acidic oxygen evolution,https://login.ezproxy.lib.purdue.edu/login?url=https://doi.org/10.1016/s1872-2067(26)64993-5,S30008.pdf
S30334,Elsevier,10.1016/j.jcat.2026.117051,Predictive microkinetic modeling of acidic OER on IrO2: Mechanistic insights into surface coverage and rate control,https://login.ezproxy.lib.purdue.edu/login?url=https://doi.org/10.1016/j.jcat.2026.117051,S30334.pdf
S31037,Elsevier,10.1016/j.cej.2026.181481,Engineering acid-tolerant RuO2 through dual modulation of d-band center and local proton environment for stable oxygen evolution reaction,https://login.ezproxy.lib.purdue.edu/login?url=https://doi.org/10.1016/j.cej.2026.181481,S31037.pdf
S31125,Elsevier,10.1016/j.jpowsour.2026.241435,Mo-mediated electronic modulation of RuO2 for improved acidic oxygen evolution activity and Ru retention,https://login.ezproxy.lib.purdue.edu/login?url=https://doi.org/10.1016/j.jpowsour.2026.241435,S31125.pdf
S31137,Elsevier,10.1016/j.jcat.2026.117169,Surface segregation regulates adsorbate and lattice-oxygen pathways in Co/Ni-doped rutile RuO2 for oxygen evolution,https://login.ezproxy.lib.purdue.edu/login?url=https://doi.org/10.1016/j.jcat.2026.117169,S31137.pdf
