tier,screen_id,publisher,doi,v5_final,open_criteria,si_items,si_link,file,d10_check,publisher_page_blocked,date_check_needed,title
1,S00759,ACS,10.1021/jp4020367,NEEDS_SI,E6 UNCLEAR,,https://pubs.acs.org/doi/suppl/10.1021/jp4020367,Supporting Information PDF (…_si_001.pdf; also _si_002… if listed),False,True,False,Role of Magnetism in Catalysis: RuO2 (110) Surface
1,S01354,ACS,10.1021/jp409605y,NEEDS_SI,E6 UNCLEAR,,https://pubs.acs.org/doi/suppl/10.1021/jp409605y,Supporting Information PDF (…_si_001.pdf; also _si_002… if listed),False,False,False,GGA+U Study on the Mechanism of Photodecomposition of Water Adsorbed on Rutile TiO2(110) Surface: Free vs Trapped Hole
1,S04318,ACS,10.1021/acs.jpcc.7b02383,NEEDS_SI,E6 UNCLEAR,,https://pubs.acs.org/doi/suppl/10.1021/acs.jpcc.7b02383,Supporting Information PDF (…_si_001.pdf; also _si_002… if listed),True,False,False,Solvation Effects for Oxygen Evolution Reaction Catalysis on IrO 2 (110)
1,S08806,ACS,10.1021/acs.jpcc.9b05015,NEEDS_SI,E6 UNCLEAR,,https://pubs.acs.org/doi/suppl/10.1021/acs.jpcc.9b05015,Supporting Information PDF (…_si_001.pdf; also _si_002… if listed),False,True,False,Effect of the Solvent on the Oxygen Evolution Reaction at the TiO 2 –Water Interface
1,S29447,ACS,10.1021/acscatal.5c08494,NEEDS_SI,E6 UNCLEAR,Table S3,https://pubs.acs.org/doi/suppl/10.1021/acscatal.5c08494,Supporting Information PDF (…_si_001.pdf; also _si_002… if listed),False,False,False,Synergetic Effects in Oxygen Evolution on Ru-Ir-O Solid Solutions: A DFT and In-Situ Soft X-ray Absorption Spectroscopy Study
1,S29721,ACS,10.1021/acscatal.6c01207,ELIGIBLE,,Figure S36,https://pubs.acs.org/doi/suppl/10.1021/acscatal.6c01207,Supporting Information PDF (…_si_001.pdf; also _si_002… if listed),False,False,False,Built-in Fields at RuO2/TiO2 p−n Interfaces Promote Water Dissociation and Durable Acidic Oxygen Evolution
1,S08766,ECS,10.1149/2.0771915jes,NEEDS_SI,E6 UNCLEAR,,https://doi.org/10.1149/2.0771915jes,the Supplementary Information / Supporting Information file(s),False,True,False,The Roles of Oxide Growth and Sub-Surface Facets in Oxygen Evolution Activity of Iridium and Its Impact on Electrolysis
1,S11549,ECS,10.1149/1945-7111/abdeea,NEEDS_SI,E6 UNCLEAR,,https://doi.org/10.1149/1945-7111/abdeea,the Supplementary Information / Supporting Information file(s),True,False,False,Multiple Reaction Pathways for the Oxygen Evolution Reaction May Contribute to IrO2 (110)’s High Activity
1,S00358,Elsevier,10.1016/j.electacta.2015.08.101,NEEDS_SI,E6 UNCLEAR,,https://www.sciencedirect.com/science/article/pii/S0013468615303510#appsec1,Appendix A. Supplementary data: 1-s2.0-S0013468615303510-mmc1 (and mmc2… if listed),False,True,False,The electrocatalytic properties of doped TiO2
1,S00887,Elsevier,10.1016/j.jpowsour.2014.06.029,NEEDS_SI,E6 UNCLEAR,,https://www.sciencedirect.com/science/article/pii/S0378775314008829#appsec1,Appendix A. Supplementary data: 1-s2.0-S0378775314008829-mmc1 (and mmc2… if listed),False,False,False,Oxygen evolution in Co-doped RuO2 and IrO2: Experimental and theoretical insights to diminish electrolysis overpotential
1,S05043,Elsevier,10.1016/j.jelechem.2017.10.062,NEEDS_SI,E6 UNCLEAR,,https://www.sciencedirect.com/science/article/pii/S1572665717307695#appsec1,Appendix A. Supplementary data: 1-s2.0-S1572665717307695-mmc1 (and mmc2… if listed),False,False,False,"Reaction mechanism for oxygen evolution on RuO2, IrO2, and RuO2@IrO2 core-shell nanocatalysts"
1,S11279,Elsevier,10.1016/j.cej.2020.128155,NEEDS_SI,E6 UNCLEAR,,https://www.sciencedirect.com/science/article/pii/S1385894720342716#appsec1,Appendix A. Supplementary data: 1-s2.0-S1385894720342716-mmc1 (and mmc2… if listed),False,False,False,Ultra-small Sn-RuO2 nanoparticles supported on N‑doped carbon polyhedra for highly active and durable oxygen evolution reaction in acidic media
1,S14704,Elsevier,10.1016/j.jcat.2022.02.016,NEEDS_SI,E6 UNCLEAR,Table S6,https://www.sciencedirect.com/science/article/pii/S0021951722000616#appsec1,Appendix A. Supplementary data: 1-s2.0-S0021951722000616-mmc1 (and mmc2… if listed),False,False,False,Theoretical and experimental study of the effects of cobalt and nickel doping within IrO2 on the acidic oxygen evolution reaction
1,S20599,Elsevier,10.1016/j.apsusc.2023.158613,NEEDS_SI,E6 UNCLEAR,,https://www.sciencedirect.com/science/article/pii/S0169433223022936#appsec1,Appendix A. Supplementary data: 1-s2.0-S0169433223022936-mmc1 (and mmc2… if listed),False,False,False,Unravel the mechanism of d-orbital modulation and oxygen vacancy in cerium-doped RuO2 catalysts for acidic oxygen evolution reaction
1,S23135,Elsevier,10.1016/j.apcatb.2024.124382,NEEDS_SI,E6 UNCLEAR,Fig. S13,https://www.sciencedirect.com/science/article/pii/S0926337324006969#appsec1,Appendix A. Supplementary data: 1-s2.0-S0926337324006969-mmc1 (and mmc2… if listed),False,False,False,Facet-engineered ruthenium oxide on titanium oxide oxygen evolution electrocatalysts for proton-exchange membrane water electrolysis
1,S23308,Elsevier,10.1016/j.cattod.2024.114963,NEEDS_SI,E6 UNCLEAR,,https://www.sciencedirect.com/science/article/pii/S0920586124004577#appsec1,Appendix A. Supplementary data: 1-s2.0-S0920586124004577-mmc1 (and mmc2… if listed),False,False,False,Trends in the oxygen adsorption energy derived from the thermodynamic potential model for the oxygen evolution reaction
1,S27476,Elsevier,10.1016/j.cej.2025.171062,NEEDS_SI,E6 UNCLEAR,,https://www.sciencedirect.com/science/article/pii/S1385894725119086#appsec1,Appendix A. Supplementary data: 1-s2.0-S1385894725119086-mmc1 (and mmc2… if listed),False,False,False,Tailoring electron-rich Ru/Mo-RuO2 heterointerface triggers ultrastable proton-inert oxygen evolution reaction
1,S31037,Elsevier,10.1016/j.cej.2026.181481,NEEDS_SI,E6 UNCLEAR,,https://www.sciencedirect.com/science/article/pii/S1385894726089448#appsec1,Appendix A. Supplementary data: 1-s2.0-S1385894726089448-mmc1 (and mmc2… if listed),False,False,False,Engineering acid-tolerant RuO2 through dual modulation of d-band center and local proton environment for stable oxygen evolution reaction
1,S31137,Elsevier,10.1016/j.jcat.2026.117169,NEEDS_SI,E6 UNCLEAR,Tables S1-S2,https://www.sciencedirect.com/science/article/pii/S002195172600504X#appsec1,Appendix A. Supplementary data: 1-s2.0-S002195172600504X-mmc1 (and mmc2… if listed),False,False,False,Surface segregation regulates adsorbate and lattice-oxygen pathways in Co/Ni-doped rutile RuO2 for oxygen evolution
1,S03607,Pleiades,10.1134/s1023193516110124,NEEDS_SI,E6 UNCLEAR,,https://doi.org/10.1134/s1023193516110124,the Supplementary Information / Supporting Information file(s),True,False,False,Iridium–nickel composite oxide catalysts for oxygen evolution reaction in acidic water electrolysis
1,S01251,RSC,10.1039/c4cp04159c,NEEDS_SI,E6 UNCLEAR,,https://doi.org/10.1039/c4cp04159c,Electronic supplementary information (ESI): c4cp04159c1.pdf,False,False,False,Identifying the distinct features of geometric structures for hole trapping to generate radicals on rutile TiO 2 (110) in photooxidation using density
1,S01836,RSC,10.1039/c2cp42149f,NEEDS_SI,E6 UNCLEAR,,https://doi.org/10.1039/c2cp42149f,Electronic supplementary information (ESI): c2cp42149f1.pdf,False,False,False,Searching for active binary rutile oxide catalyst for water splitting from first principles
1,S05155,RSC,10.1039/c7ee02307c,NEEDS_SI,E6 UNCLEAR,Fig. S16 and S17,https://doi.org/10.1039/c7ee02307c,Electronic supplementary information (ESI): c7ee02307c1.pdf,False,False,False,Towards identifying the active sites on RuO 2 (110) in catalyzing oxygen evolution
1,S12208,RSC,10.1039/d1sc00752a,NEEDS_SI,E6 UNCLEAR,,https://doi.org/10.1039/d1sc00752a,Electronic supplementary information (ESI): d1sc00752a1.pdf,False,False,False,Electrochemical oxidation of molecular nitrogen to nitric acid – towards a molecular level understanding of the challenges
1,S23927,RSC,10.1039/d4nr02745k,NEEDS_SI,E6 UNCLEAR,,https://doi.org/10.1039/d4nr02745k,Electronic supplementary information (ESI): d4nr02745k1.pdf,False,False,False,Bi-doped ruthenium oxide nanocrystal for water oxidation in acidic media
1,S26744,RSC,10.1039/d5cc04003e,NEEDS_SI,E6 UNCLEAR,,https://doi.org/10.1039/d5cc04003e,Electronic supplementary information (ESI): d5cc04003e1.pdf,False,False,False,Optimal design of Ru–Sn oxide catalysts for enhanced oxygen evolution reaction using the cluster-plus-glue-atom model
1,S11392,Research Square,10.21203/rs.3.rs-118932/v1,NEEDS_SI,E6 UNCLEAR,,https://doi.org/10.21203/rs.3.rs-118932/v1,the Supplementary Information / Supporting Information file(s),True,False,False,Surface constrained electron-hole rich species active in the electrocatalytic water splitting
1,S21177,Research Square,10.21203/rs.3.rs-3710432/v1,NEEDS_SI,E6 UNCLEAR,Figs. S25-S28,https://doi.org/10.21203/rs.3.rs-3710432/v1,the Supplementary Information / Supporting Information file(s),True,False,False,"Dynamic Ru equilibrium based on Co, Zn-driven double anchoring for robust acidic water oxidation"
1,S30575,Research Square,10.21203/rs.3.rs-10033317/v1,NEEDS_SI,E6 UNCLEAR,"Fig. S46, Fig. S6",https://doi.org/10.21203/rs.3.rs-10033317/v1,the Supplementary Information / Supporting Information file(s),False,False,False,2D Flexible IrO2 Crystal Boosting High-efficiency Proton Exchange Membrane Water Electrolysis
1,S29636,Tsinghua Univ. Press,10.26599/nre.2026.9120228,NEEDS_SI,E6 UNCLEAR,Fig. S15,https://doi.org/10.26599/nre.2026.9120228,the Supplementary Information / Supporting Information file(s),True,False,False,A MOFs-derived heterostructure electrocatalyst for acidic oxygen evolution with low degradation rate
1,R0003,Wiley,10.1002/advs.202104636,NEEDS_SI,E6 UNCLEAR,,https://onlinelibrary.wiley.com/doi/full/10.1002/advs.202104636#support-information-section,Supporting Information file(s) advs202104636-sup-0001… (and -sup-0002… if listed),False,False,False,Strong Oxide‐Support Interaction over IrO 2 /V 2 O 5 for Efficient pH‐Universal Water Splitting
1,S08129,Wiley,10.1002/aenm.201901313,NEEDS_SI,E6 UNCLEAR,,https://onlinelibrary.wiley.com/doi/full/10.1002/aenm.201901313#support-information-section,Supporting Information file(s) aenm201901313-sup-0001… (and -sup-0002… if listed),False,False,False,Ultrafine Defective RuO2 Electrocatayst Integrated on Carbon Cloth for Robust Water Oxidation in Acidic Media
1,S10090,Wiley,10.1002/cctc.202000617,ELIGIBLE,,,https://onlinelibrary.wiley.com/doi/full/10.1002/cctc.202000617#support-information-section,Supporting Information file(s) cctc202000617-sup-0001… (and -sup-0002… if listed),False,False,False,Facet‐dependent Chlorine and Oxygen Evolution Selectivity on RuO2: An Ab initio Atomistic Thermodynamic Study
1,S11310,Wiley,10.1002/adfm.202009610,NEEDS_SI,E6 UNCLEAR,Table S3,https://onlinelibrary.wiley.com/doi/full/10.1002/adfm.202009610#support-information-section,Supporting Information file(s) adfm202009610-sup-0001… (and -sup-0002… if listed),False,False,False,Substitutionally Dispersed High‐Oxidation CoOx Clusters in the Lattice of Rutile TiO2 Triggering Efficient CoTi Cooperative Catalytic Centers for Oxyg
1,S13316,Wiley,10.1002/chem.202102356,NEEDS_SI,E6 UNCLEAR,,https://onlinelibrary.wiley.com/doi/full/10.1002/chem.202102356#support-information-section,Supporting Information file(s) chem202102356-sup-0001… (and -sup-0002… if listed),False,False,False,Water‐Assisted Chemical Route Towards the Oxygen Evolution Reaction at the Hydrated (110) Ruthenium Oxide Surface: Heterogeneous Catalysis via DFT‐MD 
1,S18606,Wiley,10.1002/slct.202300114,NEEDS_SI,E6 UNCLEAR,"Fig. S4, Figure S3",https://onlinelibrary.wiley.com/doi/full/10.1002/slct.202300114#support-information-section,Supporting Information file(s) slct202300114-sup-0001… (and -sup-0002… if listed),False,False,False,Selective Oxidation of Sulfuric Acid to Peroxydisulfuric Acid on a Tungsten Trioxide Anode
1,S18904,Wiley,10.1002/aenm.202300152,NEEDS_SI,E6 UNCLEAR,Figure S22,https://onlinelibrary.wiley.com/doi/full/10.1002/aenm.202300152#support-information-section,Supporting Information file(s) aenm202300152-sup-0001… (and -sup-0002… if listed),False,False,False,Ultrathin Carbon Coating and Defect Engineering Promote RuO 2 as an Efficient Catalyst for Acidic Oxygen Evolution Reaction with Super‐High Durability
1,S19097,Wiley,10.1002/smll.202302238,NEEDS_SI,E6 UNCLEAR,Fig. S21,https://onlinelibrary.wiley.com/doi/full/10.1002/smll.202302238#support-information-section,Supporting Information file(s) smll202302238-sup-0001… (and -sup-0002… if listed),False,False,False,Activity‐Stability Balance: The Role of Electron Supply Effect of Support in Acidic Oxygen Evolution
1,S19847,Wiley,10.1002/anie.202308704,NEEDS_SI,E6 UNCLEAR,,https://onlinelibrary.wiley.com/doi/full/10.1002/anie.202308704#support-information-section,Supporting Information file(s) anie202308704-sup-0001… (and -sup-0002… if listed),False,False,False,Low Ruthenium Content Confined on Boron Carbon Nitride as an Efficient and Stable Electrocatalyst for Acidic Oxygen Evolution Reaction
1,S20440,Wiley,10.1002/sstr.202300276,NEEDS_SI,E6 UNCLEAR,,https://onlinelibrary.wiley.com/doi/full/10.1002/sstr.202300276#support-information-section,Supporting Information file(s) sstr202300276-sup-0001… (and -sup-0002… if listed),False,False,False,Substrate‐Driven Catalyst Reducibility for Oxygen Evolution and Its Effect on the Operation of Proton Exchange Membrane Water Electrolyzers
1,S20851,Wiley,10.1002/smll.202305889,NEEDS_SI,E6 UNCLEAR,,https://onlinelibrary.wiley.com/doi/full/10.1002/smll.202305889#support-information-section,Supporting Information file(s) smll202305889-sup-0001… (and -sup-0002… if listed),False,False,False,Mo‐Doped Mesoporous RuO2 Spheres as High‐Performance Acidic Oxygen Evolution Reaction Electrocatalyst
1,S21048,Wiley,10.1002/ange.202316903,NEEDS_SI,E6 UNCLEAR,Figure S13,https://onlinelibrary.wiley.com/doi/full/10.1002/ange.202316903#support-information-section,Supporting Information file(s) ange202316903-sup-0001… (and -sup-0002… if listed),False,False,False,Breaking the Ru−O−Ru Symmetry of a RuO2 Catalyst for Sustainable Acidic Water Oxidation
1,S21131,Wiley,10.1002/smll.202306914,NEEDS_SI,E6 UNCLEAR,"Fig. S22a, Figure S22a, Figures S20 and S21",https://onlinelibrary.wiley.com/doi/full/10.1002/smll.202306914#support-information-section,Supporting Information file(s) smll202306914-sup-0001… (and -sup-0002… if listed),False,False,False,Porous Tellurium‐Doped Ruthenium Dioxide Nanotubes for Enhanced Acidic Water Oxidation
1,S21356,Wiley,10.1002/adma.202306934,NEEDS_SI,E6 UNCLEAR,,https://onlinelibrary.wiley.com/doi/full/10.1002/adma.202306934#support-information-section,Supporting Information file(s) adma202306934-sup-0001… (and -sup-0002… if listed),False,False,False,Sr‐Stabilized IrMnO2 Solid Solution Nano‐Electrocatalysts with Superior Activity and Excellent Durability for Oxygen Evolution Reaction in Acid Media
1,S21358,Wiley,10.1002/adfm.202313375,NEEDS_SI,E6 UNCLEAR,,https://onlinelibrary.wiley.com/doi/full/10.1002/adfm.202313375#support-information-section,Supporting Information file(s) adfm202313375-sup-0001… (and -sup-0002… if listed),False,False,False,Designing of Hexagonal Nanosheets with Edge‐Sharing [IrO 6 ] Octahedral Crystals for Efficient and Stable Acidic Water Splitting
1,S21441,Wiley,10.1002/ange.202316029,NEEDS_SI,E6 UNCLEAR,Table S3,https://onlinelibrary.wiley.com/doi/full/10.1002/ange.202316029#support-information-section,Supporting Information file(s) ange202316029-sup-0001… (and -sup-0002… if listed),False,False,False,Strain‐modulated Ru‐O Covalency in Ru‐Sn Oxide Enabling Efficient and Stable Water Oxidation in Acidic Solution
1,S22122,Wiley,10.1002/adfm.202401134,NEEDS_SI,E6 UNCLEAR,,https://onlinelibrary.wiley.com/doi/full/10.1002/adfm.202401134#support-information-section,Supporting Information file(s) adfm202401134-sup-0001… (and -sup-0002… if listed),False,False,False,Screening Spinel Oxide Supports for RuO2 to Boost Bifunctional Electrocatalysts for Advanced Zn–Air Batteries
1,S22135,Wiley,10.1002/aenm.202303407,NEEDS_SI,E6 UNCLEAR,,https://onlinelibrary.wiley.com/doi/full/10.1002/aenm.202303407#support-information-section,Supporting Information file(s) aenm202303407-sup-0001… (and -sup-0002… if listed),False,False,False,Iridium Oxide Coordinatively Unsaturated Active Sites Govern the Electrocatalytic Oxidation of Water
1,S22690,Wiley,10.1002/chem.202400651,NEEDS_SI,E6 UNCLEAR,"Figure S20a, Table S5",https://onlinelibrary.wiley.com/doi/full/10.1002/chem.202400651#support-information-section,Supporting Information file(s) chem202400651-sup-0001… (and -sup-0002… if listed),False,False,False,Grain Boundary Defect Engineering in Rutile Iridium Oxide Boosts Efficient and Stable Acidic Water Oxidation
1,S22807,Wiley,10.1002/cssc.202400827,ELIGIBLE,,,https://onlinelibrary.wiley.com/doi/full/10.1002/cssc.202400827#support-information-section,Supporting Information file(s) cssc202400827-sup-0001… (and -sup-0002… if listed),False,False,False,Origin of the Activity of Electrochemical Ozone Production Over Rutile PbO2 Surfaces
1,S23244,Wiley,10.1002/cctc.202400813,NEEDS_SI,E6 UNCLEAR,Table S3,https://onlinelibrary.wiley.com/doi/full/10.1002/cctc.202400813#support-information-section,Supporting Information file(s) cctc202400813-sup-0001… (and -sup-0002… if listed),False,False,False,"Stability and Solvation of Key Intermediates of Oxygen Evolution on TiO2, RuO2, IrO2 (110) Surfaces: A Comparative DFT Study"
1,S23402,Wiley,10.1002/anie.202413653,NEEDS_SI,E6 UNCLEAR,"Figs S1, Figure S1",https://onlinelibrary.wiley.com/doi/full/10.1002/anie.202413653#support-information-section,Supporting Information file(s) anie202413653-sup-0001… (and -sup-0002… if listed),False,False,False,Oxyanion Engineering on RuO 2 for Efficient Proton Exchange Membrane Water Electrolysis
1,S23565,Wiley,10.1002/adfm.202411766,NEEDS_SI,E6 UNCLEAR,"Figure S33, Figures S33, S37–S39",https://onlinelibrary.wiley.com/doi/full/10.1002/adfm.202411766#support-information-section,Supporting Information file(s) adfm202411766-sup-0001… (and -sup-0002… if listed),False,False,False,Textured RuIrAgMnO2 Oxides With Preferentially Orientated (110) Facet by Concerted Shaping of Ag and Mn for Stable Acid Water Oxidation
1,S23889,Wiley,10.1002/aenm.202403136,NEEDS_SI,E6 UNCLEAR,,https://onlinelibrary.wiley.com/doi/full/10.1002/aenm.202403136#support-information-section,Supporting Information file(s) aenm202403136-sup-0001… (and -sup-0002… if listed),False,False,False,Manipulating d ‐Band Center of Ru Sites in Branched RuO 2 Nanofibers Enables Significantly Enhanced Alkaline Overall Water Splitting Performance
1,S24094,Wiley,10.1002/adma.202414579,NEEDS_SI,E6 UNCLEAR,"Figures S39 and S44, Figures S40–S41",https://onlinelibrary.wiley.com/doi/full/10.1002/adma.202414579#support-information-section,Supporting Information file(s) adma202414579-sup-0001… (and -sup-0002… if listed),False,False,False,Oxygen Vacancy‐Electron Polarons Featured InSnRuO 2 Oxides: Orderly and Concerted In‐Ov‐Ru‐O‐Sn Substructures for Acidic Water Oxidation
1,S24489,Wiley,10.1002/adfm.202414449,NEEDS_SI,E6 UNCLEAR,Tables S12–S14,https://onlinelibrary.wiley.com/doi/full/10.1002/adfm.202414449#support-information-section,Supporting Information file(s) adfm202414449-sup-0001… (and -sup-0002… if listed),False,False,False,Rutile‐Structured (RuSnSbReF)O x High Entropy Solid Solution for Acidic Oxygen Evolution Reaction
1,S24603,Wiley,10.1002/ange.202420481,NEEDS_SI,E6 UNCLEAR,,https://onlinelibrary.wiley.com/doi/full/10.1002/ange.202420481#support-information-section,Supporting Information file(s) ange202420481-sup-0001… (and -sup-0002… if listed),False,False,False,Breaking the Stability‐Activity Trade‐off of Oxygen Electrocatalyst by Gallium Bilateral‐Regulation for High‐Performance Zinc‐Air Batteries
1,S24787,Wiley,10.1002/anie.202420860,NEEDS_SI,E6 UNCLEAR,,https://onlinelibrary.wiley.com/doi/full/10.1002/anie.202420860#support-information-section,Supporting Information file(s) anie202420860-sup-0001… (and -sup-0002… if listed),False,False,False,Chloride Residues in RuO 2 Catalysts Enhance Its Stability and Efficiency for Acidic Oxygen Evolution Reaction
1,S24921,Wiley,10.1002/anie.202422707,NEEDS_SI,E6 UNCLEAR,,https://onlinelibrary.wiley.com/doi/full/10.1002/anie.202422707#support-information-section,Supporting Information file(s) anie202422707-sup-0001… (and -sup-0002… if listed),False,False,False,W‐Mediated Electron Accumulation in Ru−O−W Motifs Enables Ultra‐Stable Oxygen Evolution Reaction in Acid
1,S25750,Wiley,10.1002/adts.202500218,NEEDS_SI,E6 UNCLEAR,,https://onlinelibrary.wiley.com/doi/full/10.1002/adts.202500218#support-information-section,Supporting Information file(s) adts202500218-sup-0001… (and -sup-0002… if listed),False,False,False,Unraveling the Stability Mechanism of Ru‐Based High‐Entropy Oxides for Oxygen Evolution Reactions by the First‐Principles Method
1,S25769,Wiley,10.1002/aenm.202406074,NEEDS_SI,E6 UNCLEAR,,https://onlinelibrary.wiley.com/doi/full/10.1002/aenm.202406074#support-information-section,Supporting Information file(s) aenm202406074-sup-0001… (and -sup-0002… if listed),False,False,False,Highly Active and Stable Nitrogen‐Doped Ruthenium Oxide/Titanium Nitride Composite Anode Electrocatalyst for Practical Proton Exchange Membrane Water 
1,S26024,Wiley,10.1002/anie.202507468,ELIGIBLE,,,https://onlinelibrary.wiley.com/doi/full/10.1002/anie.202507468#support-information-section,Supporting Information file(s) anie202507468-sup-0001… (and -sup-0002… if listed),False,False,False,Enhancing Acidic Oxygen Evolution Activity by Controlling Oxidation State of Iridium
1,S26703,Wiley,10.1002/ange.202511750,NEEDS_SI,E6 UNCLEAR,"Fig. S44, Figure S44, Table S3",https://onlinelibrary.wiley.com/doi/full/10.1002/ange.202511750#support-information-section,Supporting Information file(s) ange202511750-sup-0001… (and -sup-0002… if listed),False,False,False,Multi‐Step Screening‐Guided Core‐Shell RuO2@TaOx Nanorods Electrocatalyst for Acidic Oxygen Evolution Reaction
1,S26740,Wiley,10.1002/smll.202507400,NEEDS_SI,E6 UNCLEAR,Figure S23,https://onlinelibrary.wiley.com/doi/full/10.1002/smll.202507400#support-information-section,Supporting Information file(s) smll202507400-sup-0001… (and -sup-0002… if listed),False,False,False,Triggering the Direct Oxygen Coupling at the Au/RuO 2 Heterointerface to Enhance the Oxygen Evolution Reaction in Acid
1,S27901,Wiley,10.1002/cey2.70124,NEEDS_SI,E6 UNCLEAR,"Figures S18, Figures S18 and S19",https://onlinelibrary.wiley.com/doi/full/10.1002/cey2.70124#support-information-section,Supporting Information file(s) cey270124-sup-0001… (and -sup-0002… if listed),False,False,False,Synergistic Oxygen Vacancy and Ru–N Coordination in RuO 2 @NCC for Enhanced Acidic Oxygen Evolution Reaction
1,S29894,Wiley,10.1002/smll.73999,NEEDS_SI,E6 UNCLEAR,,https://onlinelibrary.wiley.com/doi/full/10.1002/smll.73999#support-information-section,Supporting Information file(s) smll73999-sup-0001… (and -sup-0002… if listed),False,False,False,K + ‐Intercalation Engineering of 1D Ultrathin K 0.25 IrO 2 Electrocatalyst for Industry‐Level Proton Exchange Membrane Water Electrolysis
1,S29976,Wiley,10.1002/anie.9750153,NEEDS_SI,E6 UNCLEAR,Figures S51a–S53a,https://onlinelibrary.wiley.com/doi/full/10.1002/anie.9750153#support-information-section,Supporting Information file(s) anie9750153-sup-0001… (and -sup-0002… if listed),False,False,False,Fluorine‐Doped RuO 2 Anchored on TiO 2 via Proton‐Assisted Adsorption Evolution for Efficient and Stable Oxygen Evolution Reaction in Acid
1,S30943,Wiley,10.1002/adma.74836,NEEDS_SI,E6 UNCLEAR,"Fig. S52, Figure S52",https://onlinelibrary.wiley.com/doi/full/10.1002/adma.74836#support-information-section,Supporting Information file(s) adma74836-sup-0001… (and -sup-0002… if listed),False,False,False,Enhanced Oxygen Coupling via Regulated Interfacial Water and *OH Adsorption by Cr─O─Ir Motif to Enable Efficient Acidic Water Oxidation
2,S18477,AIP,10.1063/5.0147123,NEEDS_SI,E5 UNCLEAR E6 UNCLEAR,Tables S1–S6,https://doi.org/10.1063/5.0147123,the Supplementary Information / Supporting Information file(s),True,False,False,The surface states of transition metal X-ides under electrocatalytic conditions
2,S22127,Elsevier,10.1016/j.ensm.2024.103341,NEEDS_SI,E5 UNCLEAR E6 SPLIT,"Fig. S24, Fig. S24, S32",https://www.sciencedirect.com/science/article/pii/S2405829724001685#appsec1,Appendix A. Supplementary data: 1-s2.0-S2405829724001685-mmc1 (and mmc2… if listed),False,False,False,Single-phase ruthenium-based oxide with dual-atoms induced bifunctional catalytic centers enables highly efficient rechargeable Zn-air batteries
2,S23544,Elsevier,10.1016/j.esci.2024.100307,NEEDS_SI,E5 UNCLEAR E6 UNCLEAR,,https://www.sciencedirect.com/science/article/pii/S2667141724001009#appsec1,Appendix A. Supplementary data: 1-s2.0-S2667141724001009-mmc1 (and mmc2… if listed),False,False,False,Tailoring the electron redistribution of RuO2 by constructing a Ru-O-La asymmetric configuration for efficient acidic oxygen evolution
2,S31125,Elsevier,10.1016/j.jpowsour.2026.241435,NEEDS_SI,E5 UNCLEAR,,https://www.sciencedirect.com/science/article/pii/S0378775326021853#appsec1,Appendix A. Supplementary data: 1-s2.0-S0378775326021853-mmc1 (and mmc2… if listed),False,False,False,Mo-mediated electronic modulation of RuO2 for improved acidic oxygen evolution activity and Ru retention
2,S09854,RSC,10.1039/d0ta03213a,NEEDS_SI,E5 UNCLEAR,,https://doi.org/10.1039/d0ta03213a,Electronic supplementary information (ESI): d0ta03213a1.pdf,False,False,False,Ultrathin RuRh@(RuRh)O 2 core@shell nanosheets as stable oxygen evolution electrocatalysts
2,S27247,RSC,10.1039/d5ta07271a,NEEDS_SI,E5 UNCLEAR E6 UNCLEAR,"Fig. S35–S38, figures S35–S38",https://doi.org/10.1039/d5ta07271a,Electronic supplementary information (ESI): d5ta07271a1.pdf,False,False,False,Balancing Ru–O bond covalency and strength via atomic Ta doping for robust acidic oxygen evolution
2,S29863,RSC,10.1039/d6ta01093h,NEEDS_SI,E5 UNCLEAR E6 UNCLEAR,,https://doi.org/10.1039/d6ta01093h,Electronic supplementary information (ESI): d6ta01093h1.pdf,False,False,False,Rational design of a RuO 2 /0.5CeO 2 heterostructure as an efficient and stable electrocatalyst for acidic water splitting
2,S28435,Tsinghua Univ. Press,10.26599/nr.2026.94908487,NEEDS_SI,E5 UNCLEAR E6 UNCLEAR,,https://doi.org/10.26599/nr.2026.94908487,the Supplementary Information / Supporting Information file(s),True,False,False,Construction of N-doped carbon polyhedral encapsulated Co 3 O 4 -RuO 2 heterostructure for electrocatalytic natural seawater splitting
2,S29420,Tsinghua Univ. Press,10.26599/nr.2026.94908680,NEEDS_SI,E5 UNCLEAR,,https://doi.org/10.26599/nr.2026.94908680,the Supplementary Information / Supporting Information file(s),True,False,False,Interfacial charge relay and dynamic electronic replenishment by a graphdiyne armor for stable RuO 2 -based water electrolyser
2,S09897,Wiley,10.1002/anie.202006756,NEEDS_SI,E5 UNCLEAR,Figure S1,https://onlinelibrary.wiley.com/doi/full/10.1002/anie.202006756#support-information-section,Supporting Information file(s) anie202006756-sup-0001… (and -sup-0002… if listed),False,False,False,"Optimization of Active Sites via Crystal Phase, Composition, and Morphology for Efficient Low‐Iridium Oxygen Evolution Catalysts"
2,S14755,Wiley,10.1002/ange.202202519,UNRESOLVED,E5 UNCLEAR E6 UNCLEAR,"Fig. S16, Figure S16",https://onlinelibrary.wiley.com/doi/full/10.1002/ange.202202519#support-information-section,Supporting Information file(s) ange202202519-sup-0001… (and -sup-0002… if listed),False,False,False,Bifunctional WC‐Supported RuO2 Nanoparticles for Robust Water Splitting in Acidic Media
2,S18221,Wiley,10.1002/smll.202207847,NEEDS_SI,E5 UNCLEAR,,https://onlinelibrary.wiley.com/doi/full/10.1002/smll.202207847#support-information-section,Supporting Information file(s) smll202207847-sup-0001… (and -sup-0002… if listed),False,False,False,"Rhenium Suppresses Iridium (IV) Oxide Crystallization and Enables Efficient, Stable Electrochemical Water Oxidation"
2,S18934,Wiley,10.1002/aenm.202300615,NEEDS_SI,E5 UNCLEAR E6 UNCLEAR,Figure S5,https://onlinelibrary.wiley.com/doi/full/10.1002/aenm.202300615#support-information-section,Supporting Information file(s) aenm202300615-sup-0001… (and -sup-0002… if listed),False,False,False,Revealing and Optimizing the Dialectical Relationship Between NOR and OER: Cation Vacancy Engineering Enables RuO2 With Unanticipated High Electrochem
2,S19734,Wiley,10.1002/smll.202304889,NEEDS_SI,E5 UNCLEAR E6 UNCLEAR,Figures S23–S27,https://onlinelibrary.wiley.com/doi/full/10.1002/smll.202304889#support-information-section,Supporting Information file(s) smll202304889-sup-0001… (and -sup-0002… if listed),False,False,False,Unraveling the Asymmetric O─O Radical Coupling Mechanism on Ru─O─Co for Enhanced Acidic Water Oxidation
2,S20710,Wiley,10.1002/anie.202313954,NEEDS_SI,E5 UNCLEAR E6 UNCLEAR,Figure S3,https://onlinelibrary.wiley.com/doi/full/10.1002/anie.202313954#support-information-section,Supporting Information file(s) anie202313954-sup-0001… (and -sup-0002… if listed),False,False,False,Reducing the Ir−O Coordination Number in Anodic Catalysts based on IrO x Nanoparticles towards Enhanced Proton‐exchange‐membrane Water Electrolysis
2,S21050,Wiley,10.1002/smll.202307164,NEEDS_SI,E5 UNCLEAR,Figure S13,https://onlinelibrary.wiley.com/doi/full/10.1002/smll.202307164#support-information-section,Supporting Information file(s) smll202307164-sup-0001… (and -sup-0002… if listed),False,False,False,Rationally Construction of Mn‐Doped RuO2 Nanofibers for High‐Activity and Stable Alkaline Ampere‐Level Current Density Overall Water Splitting
2,S21341,Wiley,10.1002/smll.202305434,NEEDS_SI,E5 UNCLEAR E6 UNCLEAR,,https://onlinelibrary.wiley.com/doi/full/10.1002/smll.202305434#support-information-section,Supporting Information file(s) smll202305434-sup-0001… (and -sup-0002… if listed),False,False,False,Nb2AlC MAX Nanosheets Supported Ru Nanocrystals as Efficient Catalysts for Boosting pH‐Universal Hydrogen Production
2,S23169,Wiley,10.1002/adfm.202410548,NEEDS_SI,E5 UNCLEAR E6 SPLIT,,https://onlinelibrary.wiley.com/doi/full/10.1002/adfm.202410548#support-information-section,Supporting Information file(s) adfm202410548-sup-0001… (and -sup-0002… if listed),False,False,False,Lattice Distortion Promotes Carrier Separation to Improve the Photoelectrochemical Water Splitting Performance of Bismuth Vanadate Photoanode
2,S23207,Wiley,10.1002/adfm.202409714,NEEDS_SI,E5 UNCLEAR,,https://onlinelibrary.wiley.com/doi/full/10.1002/adfm.202409714#support-information-section,Supporting Information file(s) adfm202409714-sup-0001… (and -sup-0002… if listed),False,False,False,Rutile‐Structured Ru0.48Mn0.52O2 Solid Solution for Highly Active and Stable Oxygen Evolution at Large Current Density in Acidic Media
2,S23265,Wiley,10.1002/smll.202404092,NEEDS_SI,E5 UNCLEAR E6 UNCLEAR,,https://onlinelibrary.wiley.com/doi/full/10.1002/smll.202404092#support-information-section,Supporting Information file(s) smll202404092-sup-0001… (and -sup-0002… if listed),False,False,False,Modulating * OOH Adsorption on RuO 2 for Efficient and Durable Acidic Water Oxidation Electrocatalysis
2,S23536,Wiley,10.1002/ange.202413657,NEEDS_SI,E5 UNCLEAR E6 UNCLEAR,"Fig. S26, Figure S26",https://onlinelibrary.wiley.com/doi/full/10.1002/ange.202413657#support-information-section,Supporting Information file(s) ange202413657-sup-0001… (and -sup-0002… if listed),False,False,False,Atomically Dispersed Vanadium‐Induced Ru‐V Dual Active Sites Enable Exceptional Performance for Acidic Water Oxidation
2,S23881,Wiley,10.1002/anie.202413334,NEEDS_SI,E5 UNCLEAR E6 UNCLEAR,"Figure S1, Figures S30–S33",https://onlinelibrary.wiley.com/doi/full/10.1002/anie.202413334#support-information-section,Supporting Information file(s) anie202413334-sup-0001… (and -sup-0002… if listed),False,False,False,Unveiling the Structure and Dissociation of Interfacial Water on RuO 2 for Efficient Acidic Oxygen Evolution Reaction
2,S24326,Wiley,10.1002/adma.202411709,NEEDS_SI,E5 UNCLEAR,,https://onlinelibrary.wiley.com/doi/full/10.1002/adma.202411709#support-information-section,Supporting Information file(s) adma202411709-sup-0001… (and -sup-0002… if listed),False,False,False,Doping Ti into RuO 2 to Accelerate Bridged‐Oxygen‐Assisted Deprotonation for Acidic Oxygen Evolution Reaction
2,S24379,Wiley,10.1002/smll.202406353,NEEDS_SI,E5 UNCLEAR E6 UNCLEAR,"Fig. S25, Figure S25, Figure S26",https://onlinelibrary.wiley.com/doi/full/10.1002/smll.202406353#support-information-section,Supporting Information file(s) smll202406353-sup-0001… (and -sup-0002… if listed),False,False,False,Atomically Dispersed Mn‐Doped Ru@RuO2 Core/Shell Nanostructure with High Acidic Water Oxidation Performance Arising from Multiple Synergies
2,S24695,Wiley,10.1002/adma.202405447,NEEDS_SI,E5 UNCLEAR,Figure S6,https://onlinelibrary.wiley.com/doi/full/10.1002/adma.202405447#support-information-section,Supporting Information file(s) adma202405447-sup-0001… (and -sup-0002… if listed),False,False,False,Dynamic Redox Induced Localized Charge Accumulation Accelerating Proton Exchange Membrane Electrolysis
2,S24821,Wiley,10.1002/advs.202409249,NEEDS_SI,E5 UNCLEAR E6 UNCLEAR,Figure S1,https://onlinelibrary.wiley.com/doi/full/10.1002/advs.202409249#support-information-section,Supporting Information file(s) advs202409249-sup-0001… (and -sup-0002… if listed),False,False,False,Modulation of RuO2 Nanocrystals with Facile Annealing Method for Enhancing the Electrocatalytic Activity on Overall Water Splitting in Acid Solution
2,S25024,Wiley,10.1002/adma.202417374,NEEDS_SI,E5 UNCLEAR E6 UNCLEAR,,https://onlinelibrary.wiley.com/doi/full/10.1002/adma.202417374#support-information-section,Supporting Information file(s) adma202417374-sup-0001… (and -sup-0002… if listed),False,False,False,Supramolecular Engineering of Vinylene‐Linked Covalent Organic Framework – Ruthenium Oxide Hybrids for Highly Active Proton Exchange Membrane Water El
2,S25279,Wiley,10.1002/ange.202420848,NEEDS_SI,E5 UNCLEAR E6 UNCLEAR,"Fig. S2, Figures S32 and S33",https://onlinelibrary.wiley.com/doi/full/10.1002/ange.202420848#support-information-section,Supporting Information file(s) ange202420848-sup-0001… (and -sup-0002… if listed),False,False,False,Role of Interfacial Water in Improving the Activity and Stability of Lattice‐Oxygen‐Mediated Acidic Oxygen Evolution on RuO 2
2,S25402,Wiley,10.1002/ange.202503608,NEEDS_SI,E5 UNCLEAR E6 UNCLEAR,"Fig. S61, Figure S61",https://onlinelibrary.wiley.com/doi/full/10.1002/ange.202503608#support-information-section,Supporting Information file(s) ange202503608-sup-0001… (and -sup-0002… if listed),False,False,False,Fullerene‐Buffered Electron Shuttle of Ru/RuO2 with Switchable Active Sites Enables Robust and Efficient Bifunctional Alkaline Water Electrolysis
2,S26089,Wiley,10.1002/smll.202505131,NEEDS_SI,E5 UNCLEAR,"Fig. S1, Figure S1",https://onlinelibrary.wiley.com/doi/full/10.1002/smll.202505131#support-information-section,Supporting Information file(s) smll202505131-sup-0001… (and -sup-0002… if listed),False,False,False,Defective K 2 Ti 8 O 17 Nanorod Supports Enable Stable High‐Current‐Density Acidic Water Electrolysis via Confinement‐Engineered IrO x
2,S26136,Wiley,10.1002/adma.202507560,NEEDS_SI,E5 UNCLEAR E6 UNCLEAR,,https://onlinelibrary.wiley.com/doi/full/10.1002/adma.202507560#support-information-section,Supporting Information file(s) adma202507560-sup-0001… (and -sup-0002… if listed),False,False,False,Sulfur‐Doped IrO2 Enable Pathway Switch to Lattice Oxygen Mechanism with Enhanced Stability for Low Iridium PEM Water Electrolysis
2,S26650,Wiley,10.1002/adfm.202515512,NEEDS_SI,E5 UNCLEAR E6 UNCLEAR,"Figs S51–S52, Figures S51 and S52",https://onlinelibrary.wiley.com/doi/full/10.1002/adfm.202515512#support-information-section,Supporting Information file(s) adfm202515512-sup-0001… (and -sup-0002… if listed),False,False,False,Wrinkle‐Induced Strain Activates a Rapid Deprotonation Pathway in Ru 2 IrO x for Efficient Acidic Water Electrolysis
2,S28230,Wiley,10.1002/rar2.70136,NEEDS_SI,E5 UNCLEAR E6 UNCLEAR,"Fig S4, Figure S4",https://onlinelibrary.wiley.com/doi/full/10.1002/rar2.70136#support-information-section,Supporting Information file(s) rar270136-sup-0001… (and -sup-0002… if listed),False,False,False,Dual Synergistic Effects in a Ce‐Modified MnO 2 /MnO Heterostructure Enabling Outstanding Acidic Oxygen Evolution
2,S28558,Wiley,10.1002/anie.202524664,NEEDS_SI,E5 UNCLEAR E6 UNCLEAR,,https://onlinelibrary.wiley.com/doi/full/10.1002/anie.202524664#support-information-section,Supporting Information file(s) anie202524664-sup-0001… (and -sup-0002… if listed),False,False,False,Cation‐Vacancy Induced Compressive Strain Localization in RuO 2 Catalyst for High‐Performance Acidic Oxygen Evolution
2,S30318,Wiley,10.1002/adfm.76885,NEEDS_SI,E5 UNCLEAR E6 UNCLEAR,"Fig S19, Figure S21",https://onlinelibrary.wiley.com/doi/full/10.1002/adfm.76885#support-information-section,Supporting Information file(s) adfm76885-sup-0001… (and -sup-0002… if listed),False,False,False,Lattice‐Matched Rutile Support Stabilizes Low‐Iridium Catalyst for Industrial PEM Water Electrolysis
2,S30433,Wiley,10.1002/adma.74144,NEEDS_SI,E5 UNCLEAR E6 UNCLEAR,Figures S29d,https://onlinelibrary.wiley.com/doi/full/10.1002/adma.74144#support-information-section,Supporting Information file(s) adma74144-sup-0001… (and -sup-0002… if listed),False,False,False,Phase Engineering of Iridium Oxides Enables Direct Coupling of Proton Exchange Membrane Water Electrolysis With Intermittent Electrical Energy
3,S30165,ACS,10.1021/acscatal.6c01770,UNRESOLVED,E4 UNCLEAR,"Figure S10, Figure S9",https://pubs.acs.org/doi/suppl/10.1021/acscatal.6c01770,Supporting Information PDF (…_si_001.pdf; also _si_002… if listed),False,False,False,Iridium Oxide Supported on Bimetallic Nitrides as Anodic Catalysts in Acidic and Seawater Environments
3,S30269,ACS,10.1021/acscatal.6c02290,UNRESOLVED,E4 UNCLEAR E5 UNCLEAR E6 UNCLEAR,Figure S37,https://pubs.acs.org/doi/suppl/10.1021/acscatal.6c02290,Supporting Information PDF (…_si_001.pdf; also _si_002… if listed),False,False,False,Free Hydroxyl-Boosted Electrocatalytic Oxygen Evolution through Reorganizing the Interfacial Water Structure
3,S30769,ACS,10.1021/acssuschemeng.6c05313,UNRESOLVED,E4 UNCLEAR,,https://pubs.acs.org/doi/suppl/10.1021/acssuschemeng.6c05313,Supporting Information PDF (…_si_001.pdf; also _si_002… if listed),False,False,False,Regulation of the Dual-Site Mechanism on Transition Metal-Doped RuO2 Catalysts for Direct Electrolysis of Seawater
3,S00882,Elsevier,10.1016/j.electacta.2013.11.027,UNRESOLVED,E4 UNCLEAR E6 UNCLEAR,,https://www.sciencedirect.com/science/article/pii/S0013468613022366#appsec1,Appendix A. Supplementary data: 1-s2.0-S0013468613022366-mmc1 (and mmc2… if listed),False,False,False,Chlorine Evolution Reaction on RuO2(110): Ab initio Atomistic Thermodynamics Study - Pourbaix Diagrams
3,S14386,Elsevier,10.1016/j.electacta.2021.139810,UNRESOLVED,E4 UNCLEAR E6 UNCLEAR,Table S2,https://www.sciencedirect.com/science/article/pii/S0013468621020934#appsec1,Appendix A. Supplementary data: 1-s2.0-S0013468621020934-mmc1 (and mmc2… if listed),False,False,False,Mechanistic understanding of pH effects on the oxygen evolution reaction
3,S21070,Elsevier,10.1016/j.apcatb.2023.123559,UNRESOLVED,E4 UNCLEAR E6 UNCLEAR,"Fig. S27a, Fig. S27b-29",https://www.sciencedirect.com/science/article/pii/S092633732301202X#appsec1,Appendix A. Supplementary data: 1-s2.0-S092633732301202X-mmc1 (and mmc2… if listed),False,False,False,Ru-RuO2 nano-heterostructures stabilized by the sacrificing oxidation strategy of Mn3O4 substrate for boosting acidic oxygen evolution reaction
3,S30334,Elsevier,10.1016/j.jcat.2026.117051,UNRESOLVED,E4 UNCLEAR,,https://www.sciencedirect.com/science/article/pii/S0021951726003866#appsec1,Appendix A. Supplementary data: 1-s2.0-S0021951726003866-mmc1 (and mmc2… if listed),False,False,False,Predictive microkinetic modeling of acidic OER on IrO2: Mechanistic insights into surface coverage and rate control
3,S23534,MDPI,10.3390/molecules29174062,UNRESOLVED,E4 UNCLEAR E6 UNCLEAR,,https://doi.org/10.3390/molecules29174062,the Supplementary Information / Supporting Information file(s),True,False,False,Influence of Bi3+ Doping on Electrochemical Properties of Ti/Sb-SnO2/PbO2 Electrode for Zinc Electrowinning
3,S30868,Preprints.org,10.20944/preprints202608.1452.v1,UNRESOLVED,E4 UNCLEAR E6 UNCLEAR,,https://doi.org/10.20944/preprints202608.1452.v1,the Supplementary Information / Supporting Information file(s),False,False,False,Cu Doped Hollow Urchin-Like RuO2 Nanosphere for Efficient Overall Water Splitting
3,S12471,RSC,10.1039/d1cp00540e,UNRESOLVED,E4 UNCLEAR E5 UNCLEAR,,https://doi.org/10.1039/d1cp00540e,Electronic supplementary information (ESI): d1cp00540e1.pdf,False,False,False,"Bifunctional electrocatalysts for oxygen reduction and oxygen evolution: a theoretical study on 2D metallic WO 2 -supported single atom (Fe, Co, or Ni"
3,S13193,RSC,10.1039/d1cp02999a,UNRESOLVED,E4 UNCLEAR,,https://doi.org/10.1039/d1cp02999a,Electronic supplementary information (ESI): d1cp02999a1.pdf,False,False,False,Lifting the discrepancy between experimental results and the theoretical predictions for the catalytic activity of RuO 2 (110) towards oxygen evolutio
3,S16208,RSC,10.1039/d2qi00892k,UNRESOLVED,E4 UNCLEAR E5 UNCLEAR E6 UNCLEAR,,https://doi.org/10.1039/d2qi00892k,Electronic supplementary information (ESI): d2qi00892k1.pdf,False,False,False,Bifunctional atomically dispersed ruthenium electrocatalysts for efficient bipolar membrane water electrolysis
3,S25594,RSC,10.1039/d5su00080g,UNRESOLVED,E4 UNCLEAR E6 UNCLEAR,Fig. S6,https://doi.org/10.1039/d5su00080g,Electronic supplementary information (ESI): d5su00080g1.pdf,False,False,False,Field effects explain the unintuitive potential response of electrochemical oxygen evolution in acid
3,S26054,RSC,10.1039/d5ta01910a,UNRESOLVED,E4 UNCLEAR E5 UNCLEAR E6 UNCLEAR,Fig. S15,https://doi.org/10.1039/d5ta01910a,Electronic supplementary information (ESI): d5ta01910a1.pdf,False,False,False,Surface amorphization advances activity and stability for acidic oxygen evolution
3,S28617,RSC,10.1039/d5ee06950e,UNRESOLVED,E4 UNCLEAR E5 UNCLEAR E6 UNCLEAR,Fig. S5,https://doi.org/10.1039/d5ee06950e,Electronic supplementary information (ESI): d5ee06950e1.pdf,False,False,False,Electric double layer overlapping effect in high-density sub-nanoclusters for enhanced acidic oxygen evolution reaction
3,S23789,Tsinghua Univ. Press,10.26599/nre.2024.9120140,UNRESOLVED,E4 UNCLEAR E5 UNCLEAR E6 UNCLEAR,,https://doi.org/10.26599/nre.2024.9120140,the Supplementary Information / Supporting Information file(s),True,False,False,RuO x clusters anchored on self-assembled SnO 2 cubic nanocage for boosting sustainable acidic water oxidation
3,S25642,Tsinghua Univ. Press,10.26599/nr.2025.94907524,UNRESOLVED,E4 UNCLEAR E5 UNCLEAR E6 UNCLEAR,,https://doi.org/10.26599/nr.2025.94907524,the Supplementary Information / Supporting Information file(s),True,False,False,Asymmetric Ru–O–Sn site engineering accelerates proton transfer and inhibits over-oxidation for efficient oxygen evolution reaction
3,S27243,Tsinghua Univ. Press,10.26599/nr.2025.94908188,UNRESOLVED,E4 UNCLEAR E5 UNCLEAR E6 UNCLEAR,"Fig. S30, Figs. S33 and S34",https://doi.org/10.26599/nr.2025.94908188,the Supplementary Information / Supporting Information file(s),True,False,False,Polyoxometalates-derived lattice-confined atomically dispersed catalysts for water electrolysis
3,S30285,Tsinghua Univ. Press,10.26599/nr.2026.94908622,UNRESOLVED,E4 UNCLEAR E5 UNCLEAR,Figs. S19 and S20,https://doi.org/10.26599/nr.2026.94908622,the Supplementary Information / Supporting Information file(s),True,False,False,Ir x Ru 1− x O 2 /WO 3 heterostructure for efficient acidic oxygen evolution reaction
3,S30764,Tsinghua Univ. Press,10.26599/nr.2026.94909092,UNRESOLVED,E4 UNCLEAR E6 UNCLEAR,Fig. S20,https://doi.org/10.26599/nr.2026.94909092,the Supplementary Information / Supporting Information file(s),True,False,False,Interfacial electric field regulates surface water environment in RuO 2 coated Co 3 O 4 for proton exchange membrane water electrolysis
3,R0002,Wiley,10.1002/adma.202314049,UNRESOLVED,E4 UNCLEAR E5 UNCLEAR E6 UNCLEAR,Fig. S23,https://onlinelibrary.wiley.com/doi/full/10.1002/adma.202314049#support-information-section,Supporting Information file(s) adma202314049-sup-0001… (and -sup-0002… if listed),False,True,False,Sub‐2 nm IrRuNiMoCo High‐Entropy Alloy with Iridium‐Rich Medium‐Entropy Oxide Shell to Boost Acidic Oxygen Evolution
3,S01698,Wiley,10.1002/celc.201402430,UNRESOLVED,E4 UNCLEAR,,https://onlinelibrary.wiley.com/doi/full/10.1002/celc.201402430#support-information-section,Supporting Information file(s) celc201402430-sup-0001… (and -sup-0002… if listed),False,True,False,Ligand Effects and Their Impact on Electrocatalytic Processes Exemplified with the Oxygen Evolution Reaction (OER) on RuO2(110)
3,S01896,Wiley,10.1002/anie.201406112,UNRESOLVED,E4 UNCLEAR E6 UNCLEAR,,https://onlinelibrary.wiley.com/doi/full/10.1002/anie.201406112#support-information-section,Supporting Information file(s) anie201406112-sup-0001… (and -sup-0002… if listed),False,False,False,Controlling Selectivity in the Chlorine Evolution Reaction over RuO 2 ‐Based Catalysts
3,S08814,Wiley,10.1002/anie.201913080,UNRESOLVED,E4 UNCLEAR E5 UNCLEAR E6 UNCLEAR,"Figure S2, Table S1-2, Tables S1-2",https://onlinelibrary.wiley.com/doi/full/10.1002/anie.201913080#support-information-section,Supporting Information file(s) anie201913080-sup-0001… (and -sup-0002… if listed),False,False,False,Regulating the Spin State of FeIII by Atomically Anchoring on Ultrathin Titanium Dioxide for Efficient Oxygen Evolution Electrocatalysis
3,S09433,Wiley,10.1002/cssc.202000213,UNRESOLVED,E4 UNCLEAR E6 UNCLEAR,,https://onlinelibrary.wiley.com/doi/full/10.1002/cssc.202000213#support-information-section,Supporting Information file(s) cssc202000213-sup-0001… (and -sup-0002… if listed),False,False,False,Nanoheterostructures of Partially Oxidized RuNi Alloy as Bifunctional Electrocatalysts for Overall Water Splitting
3,S09780,Wiley,10.1002/adma.201908126,UNRESOLVED,E4 UNCLEAR E5 UNCLEAR E6 UNCLEAR,Table S5,https://onlinelibrary.wiley.com/doi/full/10.1002/adma.201908126#support-information-section,Supporting Information file(s) adma201908126-sup-0001… (and -sup-0002… if listed),False,False,False,Robust Interface Ru Centers for High‐Performance Acidic Oxygen Evolution
3,S14833,Wiley,10.1002/smll.202108031,UNRESOLVED,E4 UNCLEAR E5 UNCLEAR E6 UNCLEAR,Figure S15,https://onlinelibrary.wiley.com/doi/full/10.1002/smll.202108031#support-information-section,Supporting Information file(s) smll202108031-sup-0001… (and -sup-0002… if listed),False,False,False,Core‐Shell Nanostructured Ru@Ir–O Electrocatalysts for Superb Oxygen Evolution in Acid
3,S17998,Wiley,10.1002/smll.202206768,UNRESOLVED,E4 UNCLEAR E5 UNCLEAR,,https://onlinelibrary.wiley.com/doi/full/10.1002/smll.202206768#support-information-section,Supporting Information file(s) smll202206768-sup-0001… (and -sup-0002… if listed),False,False,False,Dynamic Reconstructed RuO2/NiFeOOH with Coherent Interface for Efficient Seawater Oxidation
3,S18902,Wiley,10.1002/smtd.202201247,UNRESOLVED,E4 UNCLEAR E5 UNCLEAR E6 UNCLEAR,Figure S14a,https://onlinelibrary.wiley.com/doi/full/10.1002/smtd.202201247#support-information-section,Supporting Information file(s) smtd202201247-sup-0001… (and -sup-0002… if listed),False,False,False,V‐Integration Modulates t2g‐Electrons of a Single Crystal Ir1‐x(Ir0.8V0.2O2)x‐BHC for Boosted and Durable OER in Acidic Electrolyte
3,S19999,Wiley,10.1002/aenm.202301673,UNRESOLVED,E4 UNCLEAR E5 UNCLEAR,"Figs S19, Figures S19 and S20",https://onlinelibrary.wiley.com/doi/full/10.1002/aenm.202301673#support-information-section,Supporting Information file(s) aenm202301673-sup-0001… (and -sup-0002… if listed),False,False,False,Enhancing the Catalytic Kinetics and Stability of Ru Sites for Acidic Water Oxidation by Forming Brønsted Acid Sites in Tungsten Oxide Matrix
3,S20021,Wiley,10.1002/aenm.202302306,UNRESOLVED,E4 UNCLEAR E5 UNCLEAR E6 UNCLEAR,"Fig. S32c, Figure S32, Figure S32c",https://onlinelibrary.wiley.com/doi/full/10.1002/aenm.202302306#support-information-section,Supporting Information file(s) aenm202302306-sup-0001… (and -sup-0002… if listed),False,False,False,Synergistic Co─Ir/Ru Composite Electrocatalysts Impart Efficient and Durable Oxygen Evolution Catalysis in Acid
3,S20253,Wiley,10.1002/adma.202305939,UNRESOLVED,E4 UNCLEAR,,https://onlinelibrary.wiley.com/doi/full/10.1002/adma.202305939#support-information-section,Supporting Information file(s) adma202305939-sup-0001… (and -sup-0002… if listed),False,False,False,Valence Oscillation of Ru Active Sites for Efficient and Robust Acidic Water Oxidation
3,S21140,Wiley,10.1002/adma.202310690,UNRESOLVED,E4 UNCLEAR E5 UNCLEAR,,https://onlinelibrary.wiley.com/doi/full/10.1002/adma.202310690#support-information-section,Supporting Information file(s) adma202310690-sup-0001… (and -sup-0002… if listed),False,False,False,Robust Ru‐VO2 Bifunctional Catalysts for All‐pH Overall Water Splitting
3,S21766,Wiley,10.1002/smtd.202301419,UNRESOLVED,E4 UNCLEAR E5 UNCLEAR E6 UNCLEAR,"Figure S31, Figure S32",https://onlinelibrary.wiley.com/doi/full/10.1002/smtd.202301419#support-information-section,Supporting Information file(s) smtd202301419-sup-0001… (and -sup-0002… if listed),False,False,False,Multivalence‐State Tungsten Species Facilitated Iridium Loading for Robust Acidic Water Oxidation
3,S21915,Wiley,10.1002/adfm.202400107,UNRESOLVED,E4 UNCLEAR,,https://onlinelibrary.wiley.com/doi/full/10.1002/adfm.202400107#support-information-section,Supporting Information file(s) adfm202400107-sup-0001… (and -sup-0002… if listed),False,False,False,Data‐Driven Screening of Pivotal Subunits in Edge‐Anchored Single Atom Catalysts for Oxygen Reactions
3,S21945,Wiley,10.1002/ange.202402018,UNRESOLVED,E4 UNCLEAR E5 UNCLEAR E6 UNCLEAR,,https://onlinelibrary.wiley.com/doi/full/10.1002/ange.202402018#support-information-section,Supporting Information file(s) ange202402018-sup-0001… (and -sup-0002… if listed),False,False,False,Polarized Ultrathin BN Induced Dynamic Electron Interactions for Enhancing Acidic Oxygen Evolution
3,S22452,Wiley,10.1002/smll.202310464,UNRESOLVED,E4 UNCLEAR E5 UNCLEAR E6 UNCLEAR,,https://onlinelibrary.wiley.com/doi/full/10.1002/smll.202310464#support-information-section,Supporting Information file(s) smll202310464-sup-0001… (and -sup-0002… if listed),False,False,False,γ‐MnO2 as an Electron Reservoir for RuO2 Oxygen Evolution Catalyst in Acidic Media
3,S22989,Wiley,10.1002/adfm.202406351,UNRESOLVED,E4 UNCLEAR E5 UNCLEAR E6 UNCLEAR,"Figure S19, Figure S20",https://onlinelibrary.wiley.com/doi/full/10.1002/adfm.202406351#support-information-section,Supporting Information file(s) adfm202406351-sup-0001… (and -sup-0002… if listed),False,False,False,Electrochemical Leaching of Ni Dopants in IrRu Alloy Electrocatalyst Boosts Overall Water Splitting
3,S23611,Wiley,10.1002/ange.202411603,UNRESOLVED,E4 UNCLEAR E5 UNCLEAR,,https://onlinelibrary.wiley.com/doi/full/10.1002/ange.202411603#support-information-section,Supporting Information file(s) ange202411603-sup-0001… (and -sup-0002… if listed),False,False,False,A Long‐Range Disordered RuO2 Catalyst for Highly Efficient Acidic Oxygen Evolution Electrocatalysis
3,S24485,Wiley,10.1002/adfm.202416385,UNRESOLVED,E4 UNCLEAR,,https://onlinelibrary.wiley.com/doi/full/10.1002/adfm.202416385#support-information-section,Supporting Information file(s) adfm202416385-sup-0001… (and -sup-0002… if listed),False,False,False,Directed Electron Modulation Stabilizes Iridium Oxide Clusters for High‐Current‐Density Oxygen Evolution
3,S25254,Wiley,10.1002/inf2.70003,UNRESOLVED,E4 UNCLEAR E5 UNCLEAR E6 UNCLEAR,Figure S14,https://onlinelibrary.wiley.com/doi/full/10.1002/inf2.70003#support-information-section,Supporting Information file(s) inf270003-sup-0001… (and -sup-0002… if listed),False,False,False,RuO2 sub‐nanocluster decorated Co3O4 as efficient and pH ‐universal oxygen evolution electrocatalyst
3,S25260,Wiley,10.1002/ange.202504876,UNRESOLVED,E4 UNCLEAR E6 UNCLEAR,Figure S20,https://onlinelibrary.wiley.com/doi/full/10.1002/ange.202504876#support-information-section,Supporting Information file(s) ange202504876-sup-0001… (and -sup-0002… if listed),False,False,False,Tuning Ru–O Coordination for Switching Redox Centers in Acidic Oxygen Evolution Electrocatalysis
3,S25912,Wiley,10.1002/smtd.202500712,UNRESOLVED,E4 UNCLEAR E5 UNCLEAR E6 UNCLEAR,Figure S31a,https://onlinelibrary.wiley.com/doi/full/10.1002/smtd.202500712#support-information-section,Supporting Information file(s) smtd202500712-sup-0001… (and -sup-0002… if listed),False,False,False,Manifesting p‐d Orbital Hybridization Through Strategic D ‐Band Engineering: A Pathway to Boosted Bifunctional HER/OER Electrochemical Performance in 
3,S26062,Wiley,10.1002/adfm.202510137,UNRESOLVED,E4 UNCLEAR E5 UNCLEAR E6 UNCLEAR,"Figure S27a, Figure S28",https://onlinelibrary.wiley.com/doi/full/10.1002/adfm.202510137#support-information-section,Supporting Information file(s) adfm202510137-sup-0001… (and -sup-0002… if listed),False,False,False,Plasmonic RuO 2 Coupled with Work Function‐Tuned Cu(OH) 2 as Cathodes for Enhanced Visible Light‐Responsive Zn‐Air Batteries
3,S28479,Wiley,10.1002/adfm.202528401,UNRESOLVED,E4 UNCLEAR E5 UNCLEAR E6 UNCLEAR,,https://onlinelibrary.wiley.com/doi/full/10.1002/adfm.202528401#support-information-section,Supporting Information file(s) adfm202528401-sup-0001… (and -sup-0002… if listed),False,False,False,Amorphous TiO x Overcoating Triggers the Dynamic Embedding of IrO x Cluster for Efficient Acidic Water Oxidation
3,S09618,arXiv,10.48550/arxiv.2004.09337,UNRESOLVED,E4 UNCLEAR E6 UNCLEAR,Figure S14,https://doi.org/10.48550/arxiv.2004.09337,the Supplementary Information / Supporting Information file(s),True,False,False,Design-controlled Synthesis of IrO$_2$ sub-monolayers on Au Nanodendrites: Marrying Plasmonic and Electrocatalytic Properties
3,S16392,arXiv,10.48550/arxiv.2004.09337,UNRESOLVED,E4 UNCLEAR E6 UNCLEAR,Figure S14,https://doi.org/10.48550/arxiv.2004.09337,the Supplementary Information / Supporting Information file(s),True,False,False,Design-controlled Synthesis of IrO$_2$ sub-monolayers on Au\n Nanodendrites: Marrying Plasmonic and Electrocatalytic Properties
4,S06827,ACS,10.1021/acs.jpcc.8b09868,UNRESOLVED,E3 UNCLEAR,,https://pubs.acs.org/doi/suppl/10.1021/acs.jpcc.8b09868,Supporting Information PDF (…_si_001.pdf; also _si_002… if listed),False,False,False,Ab Initio Thermodynamics of Iridium Surface Oxidation and Oxygen Evolution Reaction
4,S21253,Elsevier,10.1016/j.gee.2023.12.003,NEEDS_SI,E6 SPLIT,,https://www.sciencedirect.com/science/article/pii/S2468025723001632#appsec1,Appendix A. Supplementary data: 1-s2.0-S2468025723001632-mmc1 (and mmc2… if listed),False,False,False,Construction of Pd-doped RuO2 nanosheets for efficient and stable acidic water oxidation
4,S22941,Elsevier,10.1016/j.electacta.2024.144567,NEEDS_SI,E6 SPLIT,,https://www.sciencedirect.com/science/article/pii/S0013468624008077#appsec1,Appendix A. Supplementary data: 1-s2.0-S0013468624008077-mmc1 (and mmc2… if listed),False,False,False,Lattice oxygen evolution in rutile Ru 1−x Ni x O 2 electrocatalysts
4,S29795,Elsevier,10.1016/j.cjche.2026.03.027,NEEDS_SI,E2 SPLIT E6 UNCLEAR,,https://www.sciencedirect.com/science/article/pii/S1004954126001539#appsec1,Appendix A. Supplementary data: 1-s2.0-S1004954126001539-mmc1 (and mmc2… if listed),False,False,False,Potential‒driven surface oxygen migration and coupling on IrO2 (1 1 0) using grand canonical ensemble modeling
4,S08932,Wiley,10.1002/cnma.201900616,UNRESOLVED,E1 UNCLEAR E3 UNCLEAR E4 UNCLEAR E5 UNCLEAR E6 UNCLEAR,,https://onlinelibrary.wiley.com/doi/full/10.1002/cnma.201900616#support-information-section,Supporting Information file(s) cnma201900616-sup-0001… (and -sup-0002… if listed),False,False,False,Photoelectrochemical Cells for Artificial Photosynthesis: Alternatives to Water Oxidation
4,S21627,Wiley,10.1002/cplu.202300680,UNRESOLVED,E3 UNCLEAR E4 UNCLEAR E5 UNCLEAR E6 UNCLEAR,,https://onlinelibrary.wiley.com/doi/full/10.1002/cplu.202300680#support-information-section,Supporting Information file(s) cplu202300680-sup-0001… (and -sup-0002… if listed),False,False,False,Thermal‐Driven Orderly Assembly of Ir‐atomic Chains on α‐MnO2 with Enhanced Performance for Acidic Oxygen Evolution
