screen_id,files,document,pages,chars,si_complete,incomplete,text_sha256
R0082,R0082_SI1.pdf,True,23,35344,True,,e3896969ab11d6d8062cc3d1bb94641692baa7371b0c455c0a8192f2f2888b66
R0085,R0085_SI1.pdf,True,34,16524,True,,84733e744e502a52e848b27a4feb4ed1ac4ab9f8e7bdd0e9ba37cedd57152729
R0101,R0101_SI1.pdf,True,22,21329,True,,521d7019593ab99235e331f28a048fd3360a78fe4fd0fca9127ea031627392a5
R0120,R0120_SI1.pdf;R0120_SI2.zip,True,38,24064,True,,35233cb70921e207019fbb30735d45bebdb4bcc05c5b2d8528a1e55ff55ae451
R0124,R0124_SI1.pdf,True,7,3612,True,,795805749a79964a05085a399c992c8cbb52567f20cd17432b400345dc82945a
R0138,R0138_SI1.pdf,True,3,4032,True,,993b30ffcd189b091f1b4a73e53c2592e62aed48dc2ae0cba91466ccbfe802a8
S01741,S01741_SI1.pdf,True,7,8695,True,,dee810b11124af59fca4aa13bda2720fa85900fa3aca11959c0bbb261e57b095
S02105,S02105_SI1.pdf,True,9,12753,True,,a5a2b15f2bb7cc0c0d8e8929c4fee25c286375f60ccb64bf6385ee4b1942592d
S02706,S02706_SI1.pdf,True,68,75516,True,,d76ca3947c238c774277d058827e1ac8bbb1f81c95d5ba898721310fb4348223
S02708,S02708_SI1.pdf,True,7,6066,True,,5113281f63a2f9e00cee913886fb86cf4ce4ab371787ab143f14e28d2a9ccbd7
S03698,S03698_SI1.pdf;S03698_SI2.pdf,True,21,62897,True,,27e4783d8292a6d27686ca68b379f4e68cdc5d37db0ab99f01fa2c3a726edc82
S03937,S03937_SI1.pdf,True,13,9014,True,,e4c741ce6ce7a439856fd532cf14a5952fa41ec42d85ea67c9140b91caff9ad1
S04115,S04115_SI1.pdf,True,21,26544,True,,a293e87222edc00b3e79a7809e5df70864df4302f000de5ab1a81133734df681
S04767,S04767_SI1.pdf,True,64,124627,True,,738a83da33a4c51318c5d05749942477af4ce0f4f58964b6e5ee4b6f3ab2643c
S05004,S05004_SI1.pdf,True,16,16475,True,,b0d23c621e9dc72c99b5648f663a550b8540ad77050aa4e0c4ffdfb3902759f2
S05480,S05480_SI1.pdf,True,10,8754,True,,381e6f7f6c929464c1d1cb605a703ad1aac7547cc8cff64a3076bc90f96622b0
S05777,S05777_SI1.pdf;S05777_SI2.xlsx,True,18,38560,True,,95e03b5727fc00d6bed233f5bc881b6b5065853b1eac9a7f40c42f9c5670a7e6
S05915,S05915_SI1.pdf,True,19,26317,True,,c057224b28094c1f75c9245456de65227b3f78f90686386865c9530a6eed43e2
S06294,S06294_SI1.pdf,True,11,10804,True,,6ed0133388c490d288c47bb940773118b15096c59f1ad6446ee9cb0fcb97f8f8
S06358,S06358_SI1.pdf,True,14,7818,True,,4d9e9c3f44bb77d2b604d0d448c96413025b05972627fe1c635cbe5ff136fb32
S06441,S06441_SI1.pdf,True,22,27788,True,,088e89202e92bc9c0fa27bda592627f5e2e61a33d690b004eea627b030763e20
S06823,S06823_SI1.pdf;S06823_SI2.pdf,True,60,92026,True,,72e989e6a2fc0335c3f8f47d4d9a09d32c2e27bf43de1c16e25b45b931395dfb
S06998,S06998_SI1.pdf;S06998_SI2.pdf,True,135,156322,True,,c3820ee8e2d9fcc48258a7044f4744666ce0d4b99850abaf0b86f56f42ad68ae
S07544,S07544_SI1.pdf,True,15,22261,True,,a0e552288d87f84c07966920d6f052ef236aaafb37ee9b2e9bcc42711e54fc6c
S07991,S07991_SI1.zip;S07991_SI2.pdf,True,18,36527,True,,edd34234bf995693979491e58f26b3ef8558fdb62148ddb02900ba71b877f548
S08596,S08596_SI1.pdf,True,65,33239,True,,1370066528e6fc529a1c202f087aebc40602c2b63d5fb168cab3b28943e6c0dc
S08618,S08618_SI1.pdf,True,28,19777,True,,59fffba69eb2e8eec60d948d3045b05c16eae95f9e5679962757ab0264d8ab3c
S08829,S08829_SI1.pdf,True,21,15418,True,,13c7971fbca452ec9eb6a6d9037327bc159789563ed802480f11d8101d32d925
S09470,S09470_SI1.pdf,True,4,2847,True,,e10eab1befe9bac7b8a123645810873ba191b81bd2115c320fc21e92ec5220d1
S09714,S09714_SI1.pdf;S09714_SI2.zip,True,47,69673,True,,f9b77071e495125f1166f3c5285229c6c0df1e3e6715f92fbc86c13a5d5a8090
S10076,S10076_SI1.zip;S10076_SI2.pdf,True,26,37291,True,,21dbd83aafb3b243eca57bb457b320bbec0dfe06218687c3cb51f9f8e5cd9c93
S10906,S10906_SI1.pdf,True,46,28553,True,,d31cba268db1f3996f00ce2ef86b845244104613de2e2df0adf02df3253bdea9
S13010,S13010_SI1.pdf,True,17,28305,True,,e03cdd149fbabe9ddbb09af16123614899f07994835ffee3030d158276facad3
S13086,S13086_SI1.pdf,True,28,15831,True,,0d4062f784eb4ce9a18cd917b7058eab4feeac9d5b109a5d0ddefa0a01a9412b
S13419,S13419_SI1.pdf,True,9,15191,True,,74478104541592bf6ee11bf631dde0dbb7e710b6cc621c14d3fe59c083322982
S14164,S14164_SI1.pdf,True,18,17267,True,,f00dbf53320dcf4e3803d688ab4c0b6be0d6d8f0c833ece90181d2ec3457b313
S14387,S14387_SI1.pdf,True,18,9993,True,,833ae33c22482fd74620eb6c5d37de9b3acd1f5f2363538ffb5cfd09fe7d58ad
S14778,S14778_SI1.pdf,True,15,11226,True,,3a7326d6395148330eff731af1ea0f650bf79f94e5ceb6977ff781096c4bcd4b
S15236,S15236_SI1.pdf,True,18,6998,True,,2eee1c0b83964a3f4072ce6e019950adffb62b4706f001670f3cacbe7ac088af
S16105,S16105_SI1.pdf;S16105_SI2.pdf;S16105_SI3.xlsx,True,48,113222,True,,11c9f1cd1b92f06577263a220a72e5688d01967220af1c856d7436277accd402
S16271,S16271_SI1.pdf,True,15,12301,True,,df01dadc7b64212a4c8d545031d2a39975ed901c585b3d2b3fdd55f9fb7a7802
S16323,S16323_SI1.pdf,True,16,16509,True,,8e40994bd6f862f99274aa1c5e99843be7549f5a39190fbe1f4ec2fbad445d6a
S16731,S16731_SI1.pdf,True,11,5082,True,,761cf33d6c804a1891d72a38c55b5ad1dd50f89a0194dec2010b37bc4ceb142d
S16822,S16822_SI1.pdf;S16822_SI2.pdf,True,111,135378,True,,dd1b688c8ae179768f29b66f90ceff5915cc9f09b2735bf8c19ab0adf26c3c8a
S16872,S16872_SI1.pdf,True,15,18614,True,,4593d877674c77397b6b0613a2d48b74960a2621440e15b1a333e0964599c20e
S17129,S17129_SI1.pdf,True,59,25130,True,,1e32a9a5c00e15f8a9fcff2c7078d23aebc174d925025bb413524d20a1560b02
S18369,S18369_SI1.pdf,True,4,3638,True,,d9d1f03697b98405414e075e97b7fa086f642c7ca469250776047f90de0800a2
S18534,S18534_SI1.pdf;S18534_SI2.xlsx,True,35,33035,True,,ca339218b15078726f6c770eb420e4802c3fcfbf6c512257f6463b7c76ce8b52
S18943,S18943_SI1.pdf,True,6,6335,True,,75fe9d4db514f3c80ffa26feb8f9371c6aa2cbcdde022f6489614a0922f75ff6
S19121,S19121_SI1.pdf,True,7,8433,True,,e45ce72a63f8cb830e46548bb03c40ade58a714ed7aa9b6bd709d66daa0de0db
S19134,S19134_SI1.pdf,True,16,22595,True,,1f5d47c2024a5f81da1d86b98e7c6c0b85cd2e01e0beafc36e252cb71ff6709b
S19174,S19174_SI1.pdf,True,15,15746,True,,0bb1d650f68f9b20d3c37da9baf5e036dbbabe31f2f3ef766504cad33d400050
S19368,S19368_SI1.pdf,True,21,32157,True,,9e307d2833a1460c73f7ba8a58f40111b0feedb0756f6591e86d042e0e84b054
S20248,S20248_SI1.pdf,True,13,6310,True,,85e0fb868dcdfeddd274a9ce19f4f2a1804b3cce28ae35c204f762600e58fa4f
S20680,S20680_SI1.pdf,True,100,45425,True,,d01285efc8fe55931d3c887ff27996106a719c3cdfed02683e08a6294f0500a1
S20985,S20985_SI1.pdf,True,13,9240,True,,5603afa62f86cc07a9db2f9f45c5559732d09a6d1d497bea608f52f29f0bdbee
S21183,S21183_SI1.pdf;S21183_SI1.xlsx,True,45,90027,True,,268fa9c80de1172f785ac5057fc915c05c2d546067d90471645794ec4b2324fd
S21395,S21395_SI1.pdf,True,33,25633,True,,c6c1e172a3edf74298d090f837fb595546b21a593d2bc098c02f7cd02811b9bd
S21464,S21464_SI1.pdf,True,11,9810,True,,08dbf5c1528495817fea69502c20284a460f60036cccdd8f2aa10d9f1a740c8d
S21660,S21660_SI1.pdf,True,22,11257,True,,953209c9773de078a37729d27a37f73fc8afd3aca8071892bf6c9b576b87b1c6
S21908,S21908_SI1.pdf,True,23,14854,True,,9e846b675bdff817d13fffa7d8c79116efc02fe26e23a83d77e7aae464642735
S22110,S22110_SI1.pdf,True,30,30612,True,,36968908265da50870f68070a0565e1e61242e0fe9ddcdfa1840a12c19d6caed
S22179,S22179_SI1.pdf,True,13,9878,True,,818e68f526f71229f7240180cecf3e410ab6b066dd87d56ade41adf5d645805f
S22193,S22193_SI1.pdf;S22193_SI2.pdf;S22193_SI3.xlsx,True,54,92609,True,,6654d4f4a7b240ca04e68bf3296d8ee2b666e4589528b2f5e041eee537e62598
S22236,S22236_SI1.pdf;S22236_SI2.pdf,True,60,84181,True,,0c4559edfc429279f6fd23606695af8e2f47936beecdfe2acae3ea6f43ee507a
S22530,S22530_SI1.pdf,True,36,47443,True,,af95251999107b83f1b057a041a995af3c40a9cbdeda39b05ea3fb69715ec0fb
S22712,S22712_SI1.pdf;S22712_SI2.pdf,True,104,102219,True,,3cbef9ad66ca4a05851c2a514e927aa43317b3287196ad31ea81a5c773c21a73
S22730,S22730_SI1.pdf,True,17,20445,True,,cc744ea9d9e57514f2ff6ca61d57b54ae702d349208bcb4f9b3c215b91e8c35d
S22923,S22923_SI1.pdf,True,58,72081,True,,c34d046a928bbd4f44462af40cb3ad11e806a87bcf9bc9069d56f0d24b01cdcf
S22954,S22954_SI1.pdf,True,39,31096,True,,8a2ad77d9b85bb18696cac28b1a393a0e1355c0f76d42e0b08833d67e27379e5
S23639,S23639_SI1.pdf;S23639_SI2.pdf;S23639_SI3.docx;S23639_SI4.xlsx;S23639_SI5.xlsx,True,100,141362,True,,df4daeebb492743a3ff946516eeec3391d314f0ce4244001e3879f71d6d4462d
S23696,S23696_SI1.pdf;S23696_SI2.pdf;S23696_SI3.pdf;S23696_SI4.xlsx;S23696_SI5.zip,True,122,219876,True,,16cf68b548db2ea8a24bdcfa231665f688e764d4a908867f749776e584a9a10f
S23884,S23884_SI1.pdf;S23884_SI2.pdf;S23884_SI3.pdf;S23884_SI4.pdf;S23884_SI5.pdf,True,119,372657,True,,df125f0b81996ae34ab3d4577dc59fcd7ec0edf6ab5371ce1e911d233e8bbb34
S24131,S24131_SI1.pdf,True,14,13893,True,,7adb295ae50cb90ece769477217bd7f298aa9833760acd7d4dfe5d70cabd5357
S24149,S24149_SI1.pdf,True,44,43445,True,,40f7c081e3eae849e0e0d7f5b52c8f6f9ba601b2887464a04bbf6360c14e33d4
S24165,S24165_SI1.xlsx;S24165_SI2.pdf;S24165_SI3.pdf;S24165_SI4.xlsx;S24165_SI5.pdf,True,78,86041,True,,2f59995843889779711b1573c20d270104905707a0d8fd9124c69247f8398708
S24771,S24771_SI1.pdf,True,23,16934,True,,f89d309a3fe6e21204a614501b4e2701525f7e857b962907a8084f412baaf24c
S24855,S24855_SI1.pdf;S24855_SI2.pdf;S24855_SI3.txt;S24855_SI4.pdf;S24855_SI5.xlsx,True,33,82493,True,,d9225c45f5d49552389acca75b75237a054390108ef5b1053b3e21398100d2d7
S25113,S25113_SI1.pdf,True,34,23828,True,,9241fc8196feae76867660978ecc567f7db0e548345241692a77bb4bd7e4c3b0
S25122,S25122_SI1.pdf,True,3,3877,True,,b115e7782c548e8c57d744c004851fc8ceab2c620a739ff1a2ee219480ab7fea
S25141,S25141_SI1.pdf;S25141_SI2.pdf;S25141_SI3.zip;S25141_SI4.pdf;S25141_SI5.xlsx,True,112,146421,True,,6d051d249e1baa94c83bd996d07a7e2483a56845307c7d0aa6b43fa25a7bbfc5
S25208,S25208_SI1.docx,True,0,134067,True,,00c14b375c9502d7a47fb5899344aea7bcf6bc7ccfb17cd7d1135299792761c5
S25284,S25284_SI1.pdf,True,26,13667,True,,67394273596c9cd4d29bb05d11b9916b5389c36496b7b66b3fc2f3f19e9052b4
S25488,S25488_SI1.pdf;S25488_SI2.docx;S25488_SI3.txt;S25488_SI4.pdf;S25488_SI5.xlsx,True,176,283946,True,,eed12e94197d44c50609fc14698fd475d757efe6937c57cedfd67a771d693c13
S25616,S25616_SI1.pdf;S25616_SI2.pdf;S25616_SI3.xlsx;S25616_SI4.pdf;S25616_SI5.xlsx,True,102,127478,True,,2fc5e899f8627adfb9a63bd098aab1cb81f173a9e827360ddae65a9b069e883a
S25786,S25786_SI1.pdf;S25786_SI2.pdf;S25786_SI3.xlsx,True,111,156922,True,,007f6dc99a8a6d2e3381b603b0f6119a328dc013916479f491f1f65ae44c28f1
S25827,S25827_SI1.pdf,True,35,23089,True,,c3397e6a7b9c0ed0e463f2ca5520e2dd5651db3b4e6c1f95387a1ab8ae6eb5da
S25856,S25856_SI1.pdf;S25856_SI2.pdf;S25856_SI3.xlsx;S25856_SI4.pdf;S25856_SI5.xlsx,True,170,373793,True,,5aec79f0a03c59b14ba14afd9bbac98cce609a1c5d9ce767e8eba72547a173ee
S26065,S26065_SI1.pdf,True,16,11075,True,,c811bcc776e59a214e3a3b11a04b560dd8887a335be1f1acaaa7eb74f100747d
S26195,S26195_SI1.pdf,True,9,3230,True,,2b462f650973b356f16a51fc9ff28f4117a8ef8af4aa88619b6c962b13fa4787
S26244,S26244_SI1.pdf;S26244_SI2.pdf,True,121,279495,True,,78bf07f34f4be4b14c4cc7a77ea2ff66fead946a0405cb4ad371ca6c1e7e4f9e
S26256,S26256_SI1.pdf;S26256_SI2.pdf;S26256_SI3.docx;S26256_SI4.xlsx;S26256_SI5.zip,True,121,254320,True,,a8c01d5474bb46382281ae59c8feada410fb8919b416b42001cbae8cb425aa18
S26340,S26340_SI1.docx,True,0,17032,True,,88b94ba9cd3b7acbec8422d5ead5d6d3a1bae88fc57cb8f3f933d735a0791d09
S26411,S26411_SI1.pdf;S26411_SI2.pdf;S26411_SI3.txt;S26411_SI4.pdf;S26411_SI5.xlsx,True,53,104792,True,,b3ff94783cf25cd9039536244f9f799a658903fa77c512779488d1ba7c2aede2
S26474,S26474_SI1.pdf;S26474_SI2.pdf;S26474_SI3.xlsx;S26474_SI4.pdf;S26474_SI5.xlsx,True,280,276503,True,,042683e4182485a8fdc7ab846355ac851fb3532e2a937b96b32c93c547c0bc7f
S26484,S26484_SI1.pdf;S26484_SI2.pdf;S26484_SI3.txt;S26484_SI4.pdf;S26484_SI5.xlsx,True,118,278767,True,,936c67609009b62ade378bf08f60c47bc1b7bcdf256b67f8388a844a361f4c03
S26503,S26503_SI1.pdf,True,9,5114,True,,7e00fc8abd58a0bb6a9390486ddfa560c620b322d1c2c72f5e45473f8d48425e
S26540,S26540_SI1.pdf,True,45,13177,True,,5dc32dba967ed4f2a6e0e474607eb9117527c8167316cd8b272394c045554c40
S26608,S26608_SI1.pdf;S26608_SI1.xlsx;S26608_SI2.pdf,True,136,192054,True,,7f68cfa8298ca76dd04ecfa299a7c1b9f0500a5a63ddde520606512a0f323567
S26669,S26669_SI1.pdf;S26669_SI2.pdf;S26669_SI3.zip,True,49,43715,True,,37fd25566be6e211a1096bd6574cce0a6f8cf21f089c264c3e927146faa19e06
S26715,S26715_SI1.pdf,True,27,22374,True,,86378f9277c03ba90b2ed3528b4fe695d7111ff6d2d660fb0ed22703281f7764
S26726,S26726_SI1.pdf;S26726_SI2.pdf;S26726_SI3.txt;S26726_SI4.pdf;S26726_SI5.pdf;S26726_SI6.pdf,True,10,5844,True,,66d1e469dd14acc6cf0c0c36df1be846c5f7171149a93c5d5c115bd9b22c729e
S26818,S26818_SI1.pdf,True,9,7890,True,,614d266de1270d11d47248267825749d061211c632788a96a4a443bc2f342af6
S26868,S26868_SI1.pdf;S26868_SI2.zip;S26868_SI3.zip,True,77,106283,True,,da16d65418c42a5cb3de3c876583c22027ffe4dbb88d887c76ad7e2c1134b5e9
S26952,S26952_SI1.pdf,True,34,17314,True,,ec958c007454dc1752fa63b7befed5f465eff49ab04b9e0ee663bd7474765288
S26991,S26991_SI1.pdf,True,98,42537,True,,b0bbee50cdf984c9ae175779f23dd135721761e76443d30daee8d9e0de82d7fe
S27052,S27052_SI1.pdf;S27052_SI2.pdf;S27052_SI3.txt,True,85,52389,True,,03ceb0dba38252cde653622a91a39fd9c53df5af11282fd1c808b5b3f22f44e7
S27224,S27224_SI1.pdf;S27224_SI1.zip;S27224_SI2.pdf;S27224_SI3.xlsx,True,84,168591,True,,d177a1d650f2bf930e5413aa0c6c1add4e65cac5e7e0fa59083b5bd4ccc81153
S27279,S27279_SI1.pdf,True,10,17339,True,,361ac86d67e567bf72933ced39440c51f4d98d5adc9a95da70bf07adb7543d94
S27609,S27609_SI1.pdf,True,16,10115,True,,d81c4410381398a04416b6c570dd45923b0af1e4c4e08ff725ac1f4250b7ebe8
S27700,S27700_SI1.pdf;S27700_SI1.xlsx;S27700_SI2.pdf;S27700_SI3.zip;S27700_SI4.pdf,True,71,193811,True,,a1b5c1a8384777013197c4e32e6d59f18742e8c62fd60f2cc4b0affa02c512bf
S28092,S28092_SI1.pdf,True,18,17788,True,,fda6d80dc624baee4abf5069784b4da72f96ff55c96ed2892c29b26a552935b2
S28289,S28289_SI1.pdf,True,55,45294,True,,99359462c7b197a6704c8ab075f7ea80d4ad4d14c1f255f7d6bfc713bd10bbd4
S28327,S28327_SI1.pdf,True,24,23657,True,,913cce451c1f740d8e5c347ff9e044bf9c007654c5a64e11ef40a313a73e37e6
S28329,S28329_SI1.pdf,True,42,25457,True,,b093ddc93449ddc270091f510cfa9f023ad356e654d69b0d6004d085dfad7439
S28679,S28679_SI1.docx,True,0,14008,True,,aee360a8ca49235d1c6a3a7f5fb436d7f1c610db6bc1cc3102013456f24ded3a
S28803,S28803_SI1.pdf,True,28,38106,True,,ea840309c9ef7e5f5eb40b89d45389572ecda52548fc699f551bb1aabd2f5faf
S28806,S28806_SI1.pdf;S28806_SI2.xlsx;S28806_SI3.xlsx,True,37,62333,True,,5d4bb454b56c0d46e7d41ff8bd3997c5496f27be18f1f0450aed043e322e677b
S28903,S28903_SI1.pdf,True,35,18879,True,,b4a7f63f96a8229e8416dc3b295223a22da751043425d4deb75004aa89d67e8f
S29044,S29044_SI1.pdf,True,31,19287,True,,e15c47bf1a1138adca79e86a958f3fb19d97d89f9e91bdbbbc79f81a1838a5a9
S29195,S29195_SI1.pdf;S29195_SI2.pdf;S29195_SI3.txt;S29195_SI4.txt;S29195_SI5.pdf,True,103,118844,True,,4b86c9fdc6a0dc8229ec14b05f48fe66977821cb6a279b9bddbac50b711a3892
S29537,S29537_SI1.pdf,True,60,22678,True,,4ba8af52912b0141361e60ab8b9133d64586d8baac834f409a8bf170494600ef
S29556,S29556_SI1.pdf,True,16,17142,True,,cfd22f1da504a32c2e29f043db26e7b621a52a7ee3a94d6c2403195ecceae930
S29929,S29929_SI1.pdf,True,26,31944,True,,ec105941fe595123bef87eba70b96cfdf61720d400d65d239f0d1aeb574c021c
S29934,S29934_SI1.pdf,True,34,27147,True,,af2a1d10f0e401c432d0883146cdb3d8a77c693776edb93a6f4e2f2dfc08fcc7
S30004,S30004_SI1.pdf,True,12,12314,True,,1c7f53485376a903bb08977d94849cf593934bb3ca55f26c9594895154bee8e5
S30039,S30039_SI1.pdf;S30039_SI2.pdf;S30039_SI3.zip;S30039_SI4.pdf;S30039_SI5.xlsx,True,80,219949,True,,8ea7b56f554f54137dcda0b29bea8b7d0a221f21be5c94e68e306f9b4dc487f6
S30061,S30061_SI1.docx,True,0,24190,True,,26263ababe95b97a483eac21a8f2c0a8b8420e5ac5c88df2648e9cb1f86f53de
S30138,S30138_SI1.pdf;S30138_SI2.pdf,True,122,163497,True,,7f0e942a8d7bd263fd8754bd18a2229c23e97c18067c6d94e305030af1dba289
S30366,S30366_SI1.pdf;S30366_SI2.pdf;S30366_SI3.xlsx;S30366_SI4.xlsx;S30366_SI5.pdf,True,102,194025,True,,6946f5cff2737cfc2065a42a0a2e88994cf3bd2f6a3292b35fb38d39421afe72
S30434,S30434_SI1.pdf,True,6,9383,True,,31c700b01ed197675d4c389ebe4555d821ca4e2e04bca94e2662fc29d25ac96e
S30435,S30435_SI1.pdf,True,28,5113,True,,88a3847754a18eb82bc151432e7a17b2ecd75194f540b715d6e8378a28be2623
S30564,S30564_SI1.pdf;S30564_SI2.zip,True,80,103223,True,,a2068df79e95298ceff9079568df8ce57e91f692294da5a12e1102ebdcb4be32
S30619,S30619_SI1.pdf,True,42,26089,True,,e04e9511fb3d47f5fc9434702658abd23e8576b3618554e8667f29d3d882faeb
S30652,S30652_SI1.pdf,True,36,15557,True,,eaa336133ba296cb973d8766eb05bf1786d243dfab30f6cbf16ba930984dfd33
S30812,S30812_SI1.pdf,True,23,4816,True,,fa15cdb137f7efcf1aa6dd0f836e14a5dbe7cdecc0ceaa8831830631c3593466
S30828,S30828_SI1.pdf,True,42,15718,True,,36124a76f8d1fb9f75297a982f2c8627ea78c16c6aaf6b19244c65f772b7237d
S31014,S31014_SI1.pdf,True,15,4528,True,,e9c8704fd2cbc9bc5af9228fbab04a657179ac377d9a5ca8f2c3ee4b29305458
S31018,S31018_SI1.pdf;S31018_SI2.xlsx;S31018_SI3.xlsx;S31018_SI4.xlsx;S31018_SI5.xlsx,True,84,79677,True,,9b7ad198e5ed45a6d0d06e395f89d0d41b9de7f2c5131412940131827a50e12e
S31145,S31145_SI1.pdf;S31145_SI2.pdf;S31145_SI3.zip;S31145_SI4.pdf;S31145_SI5.xlsx,True,160,326348,True,,8f895bcb95355e7106de133d4b2adc099d34d1a6451cd0ba098f709a36748ab3
